subject,trial,run,interval_width,temporal_location(%),start_frame,target_frame,end_frame,reported_location(%),signed_error,absolute_error,onset,retention_delay,image_similarity,distance_to_boundary,residual_encoding_time,retrieval_elapsed_time,nearest_boundary,similarity_start_end,similarity_start_target,similarity_end_target
sub-01,1,1,12,20.0,14329,14389,14629,20.0,0.0,0.0,1.9813044,1891.814637733333,0.6732240319252014,0,689.8333333333334,1.9813044,14389,0.8409432172775269,0.6599886417388916,0.5187402367591858
sub-01,2,1,12,20.0,29300,29360,29600,27.0,6.999999999999901,6.999999999999901,13.9809936,1280.022660266667,0.8826956152915955,3,66.04166666666667,13.9809936,29357,0.8350129723548889,0.8519934415817261,0.9610804319381714
sub-01,3,1,300,40.0,21224,24224,28724,66.0,25.9999999999999,25.9999999999999,25.9806014,1506.022268066667,0.4617551267147064,24,280.0416666666667,25.9806014,24200,0.4957984089851379,0.4003271758556366,0.4891397953033447
sub-01,4,1,60,80.0,14390,15590,15890,97.0,16.99999999999999,16.99999999999999,37.9800234,1877.771690066666,0.8735843698183695,24,639.7916666666666,37.9800234,15566,0.8536198735237122,0.8721119165420532,0.8950213193893433
sub-01,5,1,60,60.0,25895,26795,27395,40.0,-20.0,20.0,49.9794666,1422.896133266667,0.4245988130569458,2,172.9166666666667,49.9794666,26797,0.4523409605026245,0.4068577289581299,0.414597749710083
sub-01,6,1,300,40.0,16327,19327,23827,72.0,32.0,32.0,61.9787666,1746.062099933333,0.6089677810668945,3,484.0833333333333,61.9787666,19330,0.7655408382415771,0.5128909349441528,0.5484715700149536
sub-01,7,1,60,80.0,21153,22353,22653,20.0,-60.0000000000001,60.0000000000001,73.9778418,1631.9778418,0.4789710442225139,152,358.0,73.9778418,22201,0.3679801821708679,0.5269970297813416,0.541935920715332
sub-01,8,1,300,60.0,22736,27236,30236,27.0,-32.99999999999999,32.99999999999999,85.9781053,1440.519771966667,0.371524194876353,35,154.5416666666667,85.9781053,27271,0.3682210445404053,0.4595500826835632,0.2868014574050903
sub-01,9,1,300,20.0,18922,20422,26422,43.0,23.0,23.0,97.9776306,1736.435963933333,0.5545727809270223,10,438.4583333333333,97.9776306,20412,0.4544993042945862,0.5027401447296143,0.7064788937568665
sub-01,10,1,300,20.0,13458,14958,20958,16.0,-4.0000000000001,4.0000000000001,109.9772892,1976.1022892,0.5276368260383606,10,666.125,109.9772892,14948,0.50355064868927,0.7356956005096436,0.3436642289161682
sub-01,11,1,60,40.0,25202,25802,26702,69.0,28.99999999999999,28.99999999999999,121.9765434,1536.268210066667,0.4860411485036214,23,214.2916666666667,121.9765434,25779,0.3809497356414795,0.5020939111709595,0.5750797986984253
sub-01,12,1,12,40.0,13450,13570,13750,89.0,49.0,49.0,133.9765376,2057.934870933333,0.8496320843696594,61,723.9583333333333,133.9765376,13631,0.8810839056968689,0.8463762998580933,0.8214360475540161
sub-01,13,1,12,20.0,16152,16212,16452,6.0,-14.00000000000001,14.00000000000001,145.9761903,1959.8511903,0.6706522405147552,56,613.875,145.9761903,16268,0.5281369686126709,0.9875494837760925,0.4962702691555023
sub-01,14,1,60,40.0,26923,27523,28423,77.0,37.0,37.0,157.9757116,1500.559044933333,0.596408853928248,1,142.5833333333333,157.9757116,27524,0.5707108974456787,0.4567475616931915,0.761768102645874
sub-01,15,1,12,80.0,25820,26060,26120,32.0,-48.00000000000001,48.00000000000001,169.9752563,1573.516922966667,0.6123234232266744,15,203.5416666666667,169.9752563,26045,0.5143770575523376,0.7967121601104736,0.5258810520172119
sub-01,16,1,12,60.0,15586,15766,15886,49.0,-11.0,11.0,181.9748426,2014.433175933333,0.9140459100405375,126,632.4583333333333,181.9748426,15892,0.8931840062141418,0.9106755256652832,0.9382781982421875
sub-01,17,1,300,60.0,16327,20827,23827,70.0,9.999999999999998,9.999999999999998,193.9744099,1815.557743233333,0.7620539863904318,91,421.5833333333333,193.9744099,20918,0.7655408382415771,0.7516918778419495,0.7689292430877686
sub-01,18,1,12,60.0,23924,24104,24224,28.0,-32.00000000000009,32.00000000000009,205.9735738,1691.015240466667,0.6614463329315186,58,285.0416666666667,205.9735738,24046,0.842187762260437,0.5620975494384766,0.5800536870956421
sub-01,19,1,12,60.0,16152,16332,16452,37.0,-23.0,23.0,217.9733254,2026.8483254,0.6148173610369364,6,608.875,217.9733254,16338,0.5281369686126709,0.6362890005111694,0.680026113986969
sub-01,20,1,300,80.0,14351,20351,21851,70.0,-10.00000000000001,10.00000000000001,229.9726377,1871.389304366666,0.7076008717219034,61,441.4166666666666,229.9726377,20412,0.724799394607544,0.6588428616523743,0.7391603589057922
sub-01,21,1,300,20.0,14066,15566,21566,29.0,8.999999999999996,8.999999999999996,241.9725123,2082.764178966666,0.5600580076376597,0,640.7916666666666,241.9725123,15566,0.4270269870758057,0.8755411505699158,0.3776058852672577
sub-01,22,1,60,20.0,19722,20022,21222,32.0,12.0,12.0,253.9720435,1909.0970435,0.4119919737180074,33,455.125,253.9720435,19989,0.2664623558521271,0.6994948387145996,0.2700187265872955
sub-01,23,1,12,80.0,2486,2726,2786,85.0,4.999999999999993,4.999999999999993,265.971686,2641.763352666667,0.7734913031260172,41,1175.791666666667,265.971686,2767,0.802486777305603,0.691649317741394,0.8263378143310547
sub-01,24,1,300,40.0,1960,4960,9460,63.0,22.9999999999999,22.9999999999999,277.9715215,2560.679854833333,0.5039990345637003,42,1082.708333333333,277.9715215,4918,0.4332830309867859,0.530604362487793,0.5481097102165222
sub-01,25,1,12,60.0,15162,15342,15462,58.0,-2.000000000000002,2.000000000000002,289.9710871,2140.0960871,0.7924978137016296,1,650.125,289.9710871,15341,0.9254937767982483,0.7328848838806152,0.7191147804260254
sub-01,26,1,12,20.0,27281,27341,27581,40.0,20.0,20.0,301.9705846,1652.137251266667,0.5267396668593088,6,150.1666666666667,301.9705846,27335,0.6636466979980469,0.4816518723964691,0.4349204301834106
sub-01,27,1,12,40.0,1602,1722,1902,60.0,20.0,20.0,313.9702804,2731.5952804,0.5697133541107178,38,1217.625,313.9702804,1760,0.398957371711731,0.8138109445571899,0.4963717460632324
sub-01,28,1,300,60.0,9381,13881,16881,39.0,-21.0,21.0,325.9695514,2236.9695514,0.5061618189016978,46,711.0,325.9695514,13927,0.4345032870769501,0.6031951904296875,0.4807869791984558
sub-01,29,1,300,80.0,18200,24200,25700,40.0,-40.0,40.0,337.9691534,1819.010820066667,0.6663844188054403,0,281.0416666666667,337.9691534,24200,0.7913621068000793,0.576158344745636,0.6316328048706055
sub-01,30,1,12,20.0,25820,25880,26120,33.0,12.9999999999999,12.9999999999999,349.9687389,1761.010405566667,0.6285882790883383,11,211.0416666666667,349.9687389,25891,0.5143770575523376,0.7967408895492554,0.5746468901634216
sub-01,31,1,60,40.0,14390,14990,15890,30.0,-10.0,10.0,361.9684144,2226.760081066667,0.8123921553293864,29,664.7916666666667,361.9684144,15019,0.8536198735237122,0.8037801384925842,0.7797764539718628
sub-01,32,1,60,20.0,28296,28596,29796,40.0,20.0,20.0,373.9679995,1671.8429995,0.4933754503726959,50,97.875,373.9679995,28646,0.3865716159343719,0.5980081558227539,0.4955465793609619
sub-01,33,1,60,60.0,10035,10935,11535,20.0,-40.0000000000001,40.0000000000001,385.9673183,2419.7173183,0.5561239918073019,10,833.75,385.9673183,10925,0.4042032361030579,0.6682472229003906,0.595921516418457
sub-01,34,1,12,40.0,3739,3859,4039,50.0,9.999999999999998,9.999999999999998,397.9669826,2726.550315933333,0.5677671531836191,1,1128.583333333333,397.9669826,3858,0.4719128906726837,0.4935066103935242,0.7378819584846497
sub-01,35,1,300,60.0,10518,15018,18018,28.0,-32.00000000000009,32.00000000000009,409.9668631,2273.5918631,0.5384578108787537,1,663.625,409.9668631,15019,0.4809038639068604,0.668780505657196,0.4656890630722046
sub-01,36,1,300,60.0,13458,17958,20958,77.0,17.0,17.0,421.9657089,2163.0907089,0.3936043381690979,3,541.125,421.9657089,17961,0.50355064868927,0.4078871607780457,0.269375205039978
sub-01,37,1,300,80.0,2522,8522,10022,60.0,-20.00000000000001,20.00000000000001,433.9819283,2568.273594966667,0.5724652111530304,1,934.2916666666666,433.9819283,8523,0.4028442800045013,0.5462908148765564,0.7682605385780334
sub-01,38,1,60,60.0,22148,23048,23648,70.0,9.999999999999998,9.999999999999998,445.9820058,1975.023672466667,0.6434865196545919,2,329.0416666666667,445.9820058,23050,0.7751333713531494,0.5785230398178101,0.5768031477928162
sub-01,39,1,60,80.0,4556,5756,6056,80.0,0.0,0.0,457.981767,2707.523433666667,0.5488048195838928,27,1049.541666666667,457.981767,5729,0.3863067626953125,0.4818336367607117,0.7782740592956543
sub-01,40,1,300,60.0,2522,7022,10022,80.0,20.00000000000001,20.00000000000001,469.9810394,2666.772706066667,0.5203618109226227,4,996.7916666666666,469.9810394,7018,0.4028442800045013,0.5086289644241333,0.6496121883392334
sub-01,41,1,300,20.0,20069,21569,27569,31.0,11.0,11.0,481.9809143,2072.647580966667,0.4556411604086558,55,390.6666666666667,481.9809143,21624,0.3772507607936859,0.3449546098709106,0.6447181105613708
sub-01,42,1,12,80.0,4600,4840,4900,74.0,-6.000000000000005,6.000000000000005,493.9800086,2781.688341933333,0.8403411110242208,78,1087.708333333333,493.9800086,4918,0.7777841091156006,0.8089638352394104,0.9342753887176514
sub-01,43,1,300,60.0,14066,18566,21566,80.0,20.00000000000001,20.00000000000001,505.9797997,2221.771466366667,0.4214606881141663,20,515.7916666666666,505.9797997,18586,0.4270269870758057,0.550489068031311,0.2868660092353821
sub-01,44,1,300,60.0,1960,6460,9460,50.0,-9.999999999999998,9.999999999999998,517.9791634,2738.187496733333,0.4518238405386607,48,1020.208333333333,517.9791634,6412,0.4332830309867859,0.4588008522987366,0.4633876383304596
sub-01,45,1,60,40.0,19722,20322,21222,70.0,29.99999999999999,29.99999999999999,529.978729,2172.603729,0.3717911541461945,90,442.625,529.978729,20412,0.2664623558521271,0.4296342432498932,0.4192768633365631
sub-01,46,1,60,40.0,1414,2014,2914,60.0,20.0,20.0,541.9785103,2947.436843633333,0.670717199643453,14,1205.458333333333,541.9785103,2028,0.880903422832489,0.5386077761650085,0.5926403999328613
sub-01,47,1,300,80.0,1960,7960,9460,76.0,-4.000000000000004,4.000000000000004,553.978279,2711.686612333333,0.3745077848434448,21,957.7083333333333,553.978279,7981,0.4332830309867859,0.3935222327709198,0.2967180907726288
sub-01,48,1,300,20.0,16327,17827,23827,30.0,9.999999999999998,9.999999999999998,565.9777987,2312.561132033333,0.5140194892883301,21,546.5833333333333,565.9777987,17806,0.7655408382415771,0.3906309604644775,0.3858866691589355
sub-01,49,1,60,60.0,3650,4550,5150,70.0,9.999999999999998,9.999999999999998,577.9773985,2877.769065166667,0.5414961278438568,24,1099.791666666667,577.9773985,4574,0.5862624645233154,0.4239984452724457,0.6142274737358093
sub-01,50,1,300,80.0,20069,26069,27569,70.0,-10.00000000000001,10.00000000000001,589.9770775,1993.143744166667,0.4726889232794444,24,203.1666666666667,589.9770775,26045,0.3772507607936859,0.4763908982276917,0.5644251108169556
sub-01,51,1,60,20.0,11369,11669,12869,27.0,6.999999999999901,6.999999999999901,601.9765397,2605.143206366667,0.5985623399416605,26,803.1666666666666,601.9765397,11643,0.5332748293876648,0.8256575465202332,0.4367546439170837
sub-01,52,1,60,20.0,13942,14242,15442,40.0,20.0,20.0,613.9761148,2509.934448133333,0.7363336483637491,21,695.9583333333333,613.9761148,14221,0.6176077127456665,0.8588452339172363,0.7325479984283447
sub-01,53,1,300,80.0,18922,24922,26422,69.0,-11.00000000000001,11.00000000000001,625.9757989,2076.934132233333,0.5541734496752421,88,250.9583333333333,625.9757989,24834,0.4544993042945862,0.4831783771514893,0.7248426675796509
sub-01,54,1,12,40.0,23924,24044,24224,30.0,-10.0,10.0,637.9750938,2125.516760466667,0.7914435466130575,2,287.5416666666667,637.9750938,24046,0.842187762260437,0.7386486530303955,0.7934942245483398
sub-01,55,1,60,20.0,10035,10335,11535,19.0,-1.000000000000101,1.000000000000101,649.974775,2708.724775,0.528949111700058,23,858.75,649.974775,10312,0.4042032361030579,0.7630922794342041,0.419551819562912
sub-01,56,1,12,80.0,11565,11805,11865,90.0,9.999999999999998,9.999999999999998,661.9743744,2659.4743744,0.4252525269985199,29,797.5,661.9743744,11776,0.3914435207843781,0.3917613625526428,0.4925526976585388
sub-01,57,1,60,60.0,26923,27823,28423,63.0,3.000000000000003,3.000000000000003,673.9740035,2004.057336833333,0.5334758559862772,67,130.0833333333333,673.9740035,27756,0.5707108974456787,0.5402580499649048,0.4894586205482483
sub-01,58,1,300,40.0,19988,22988,27488,60.0,20.0,20.0,685.9732116,2217.514878266667,0.3987726668516795,3,331.5416666666667,685.9732116,22991,0.3813353776931763,0.4671993553638458,0.3477832674980164
sub-01,59,1,300,40.0,2522,5522,10022,61.0,21.0,21.0,697.9726793,2957.264345966666,0.5242142180601755,111,1059.291666666667,697.9726793,5633,0.4028442800045013,0.6314537525177002,0.5383446216583252
sub-01,60,1,12,60.0,21800,21980,22100,60.0,0.0,0.0,709.9722509,2283.513917566666,0.7239657640457153,2,373.5416666666666,709.9722509,21978,0.7369933128356934,0.7106389403343201,0.7242650389671326
sub-01,61,2,60,40.0,9187,9787,10687,28.0,-12.0,12.0,1.9779754,2923.561308733333,0.4266713758309682,92,881.5833333333333,841.9779754,9879,0.3550187647342682,0.3444219827651978,0.5805733799934387
sub-01,62,2,60,40.0,17621,18221,19121,61.0,21.0,21.0,13.9775099,2584.144176566666,0.4013634820779164,9,530.1666666666666,853.9775099,18212,0.3215714693069458,0.3236970603466034,0.5588219165802002
sub-01,63,2,12,60.0,13450,13630,13750,61.0,1.000000000000001,1.000000000000001,25.9770722,2787.435405533333,0.8603711326917013,1,721.4583333333333,865.9770722,13631,0.8810839056968689,0.8628209233283997,0.8372085690498352
sub-01,64,2,12,20.0,21273,21333,21573,18.0,-2.000000000000102,2.000000000000102,37.9767471,2478.4767471,0.7522855202356974,0,400.5,877.9767471,21333,0.6364972591400146,0.9717504978179932,0.6486088037490845
sub-01,65,2,12,20.0,15586,15646,15886,39.0,19.0,19.0,49.9759319,2727.434265233333,0.922746737798055,80,637.4583333333333,889.9759319,15566,0.8931840062141418,0.9714959263801575,0.9035602807998657
sub-01,66,2,12,40.0,12500,12620,12800,38.0,-2.000000000000002,2.000000000000002,61.9755547,2865.517221366666,0.6994433005650839,90,763.5416666666667,901.9755547,12530,0.6307471990585327,0.7055825591087341,0.7620001435279846
sub-01,67,2,60,80.0,11369,12569,12869,86.0,5.999999999999995,5.999999999999995,73.9753569,2879.642023566666,0.634420226017634,39,765.6666666666666,913.9753569,12530,0.5332748293876648,0.4993220865726471,0.8706637620925903
sub-01,68,2,60,20.0,13176,13476,14676,22.0,1.999999999999899,1.999999999999899,85.9748317,2853.8498317,0.6279574036598206,155,727.875,925.9748317,13631,0.4577959775924683,0.9292948842048645,0.4967813491821289
sub-01,69,2,60,60.0,11369,12269,12869,57.0,-3.000000000000003,3.000000000000003,97.9744801,2916.141146766667,0.5167703628540039,103,778.1666666666666,937.9744800999999,12372,0.5332748293876648,0.4233338832855225,0.5937023758888245
sub-01,70,2,12,80.0,21800,22040,22100,100.0,20.0,20.0,109.9735398,2521.015206466666,0.8179305791854858,40,371.0416666666666,949.9735398,22000,0.7369933128356934,0.733162522315979,0.9836359024047852
sub-01,71,2,300,20.0,14351,15851,21851,28.0,7.999999999999901,7.999999999999901,121.9731641,2790.889830766666,0.7114057540893555,41,628.9166666666666,961.9731641,15892,0.724799394607544,0.7192857265472412,0.6901321411132812
sub-01,72,2,60,80.0,13176,14376,14676,64.0,-16.0,16.0,133.9726909,2864.3476909,0.6213185787200928,13,690.375,973.9726909,14389,0.4577959775924683,0.6792721748352051,0.726887583732605
sub-01,73,2,12,40.0,15162,15282,15462,69.0,28.99999999999999,28.99999999999999,145.9728042,2838.5978042,0.778266191482544,9,652.625,985.9728042,15291,0.9254937767982483,0.7068730592727661,0.7024317383766174
sub-01,74,2,12,20.0,4600,4660,4900,27.0,6.999999999999901,6.999999999999901,157.9723637,3293.180697033333,0.8076606392860413,86,1095.208333333333,997.9723637,4574,0.7777841091156006,0.8907418847084045,0.7544559240341187
sub-01,75,2,60,20.0,25202,25502,26702,61.0,41.0,41.0,169.9719906,2436.763657266667,0.4816798667112986,47,226.7916666666667,1009.9719906,25549,0.3809497356414795,0.3949887454509735,0.6691011190414429
sub-01,76,2,12,80.0,23924,24164,24224,40.0,-40.0,40.0,181.971635,2504.513301666667,0.5490249991416931,0,282.5416666666667,1021.971635,24164,0.842187762260437,0.4034941792488098,0.4013930559158325
sub-01,77,2,12,20.0,17959,18019,18259,11.0,-9.000000000000101,9.000000000000101,193.9707001,2772.554033433334,0.5166169504324595,47,538.5833333333334,1033.9707001,18066,0.4445958435535431,0.5545310974121094,0.5507239103317261
sub-01,78,2,60,20.0,15628,15928,17128,60.0,40.0,40.0,205.9703958,2871.678729133333,0.4683101276556651,36,625.7083333333334,1045.9703958,15892,0.3333605825901031,0.6702464818954468,0.4013233184814453
sub-01,79,2,300,60.0,14351,18851,21851,70.0,9.999999999999998,9.999999999999998,217.9696908,2761.886357466667,0.6785117387771606,71,503.9166666666666,1057.9696908,18922,0.724799394607544,0.678712010383606,0.632023811340332
sub-01,80,2,300,60.0,11085,15585,18585,40.0,-20.0,20.0,229.9693536,2909.9693536,0.512025793393453,19,640.0,1069.9693536,15566,0.4033203721046448,0.5605762004852295,0.5721808075904846
sub-01,81,2,300,40.0,9381,12381,16881,30.0,-10.0,10.0,241.9694744,3055.4694744,0.459073414405187,9,773.5,1081.9694744,12372,0.4345032870769501,0.4712441563606262,0.4714727997779846
sub-01,82,2,300,20.0,10273,11773,17773,29.0,8.999999999999996,8.999999999999996,253.9686042,3092.801937533333,0.671569287776947,3,798.8333333333334,1093.9686042,11776,0.6644483208656311,0.6598151922225952,0.6904443502426147
sub-01,83,2,12,80.0,14329,14569,14629,80.0,0.0,0.0,265.9683256,2988.301658933334,0.6709457834561666,6,682.3333333333334,1105.9683256,14563,0.8409432172775269,0.6518624424934387,0.5200316905975342
sub-01,84,2,60,20.0,26923,27223,28423,34.0,14.0,14.0,277.9678323,2473.051165633333,0.6111310521761576,24,155.0833333333333,1117.9678323,27199,0.5707108974456787,0.6351338028907776,0.6275484561920166
sub-01,85,2,60,20.0,4556,4856,6056,30.0,9.999999999999998,9.999999999999998,289.9676061,3417.009272766667,0.5157757997512817,62,1087.041666666667,1129.9676061,4918,0.3863067626953125,0.8315231800079346,0.3294974565505981
sub-01,86,2,300,60.0,20069,24569,27569,40.0,-20.0,20.0,301.9671754,2607.633842066667,0.4372152090072632,10,265.6666666666667,1141.9671754,24579,0.3772507607936859,0.3769783675670624,0.5574164986610413
sub-01,87,2,300,20.0,21224,22724,28724,60.0,40.0,40.0,313.9667901,2696.508456766667,0.5069197416305542,2,342.5416666666667,1153.9667901,22722,0.4957984089851379,0.48035728931427,0.5446035265922546
sub-01,88,2,12,80.0,26328,26568,26628,59.0,-21.00000000000001,21.00000000000001,325.96648,2548.34148,0.6820780634880066,68,182.375,1165.96648,26500,0.5709407329559326,0.5546797513961792,0.920613706111908
sub-01,89,2,60,80.0,25895,27095,27395,80.0,0.0,0.0,337.9659145,2538.382581166667,0.4750099678834279,60,160.4166666666667,1177.9659145,27155,0.4523409605026245,0.4905310571193695,0.4821578860282898
sub-01,90,2,12,20.0,12500,12560,12800,40.0,20.0,20.0,349.9655822,3156.007248866666,0.6448541680971781,30,766.0416666666667,1189.9655822,12530,0.6307471990585327,0.6956035494804382,0.6082117557525635
sub-01,91,2,60,40.0,12596,13196,14096,60.0,20.0,20.0,361.9649236,3141.506590266667,0.6871558229128519,98,739.5416666666666,1201.9649236,13098,0.6896935701370239,0.7411813139915466,0.6305925846099854
sub-01,92,2,12,40.0,2486,2606,2786,50.0,9.999999999999998,9.999999999999998,373.964631,3594.756297666667,0.8548099001248678,2,1180.791666666667,1213.964631,2608,0.802486777305603,0.9538554549217224,0.8080874681472778
sub-01,93,2,300,80.0,19988,25988,27488,77.0,-3.000000000000003,3.000000000000003,385.9637768,2632.505443466667,0.4147764245669047,1,206.5416666666667,1225.9637768,25987,0.3813353776931763,0.3776261806488037,0.4853677153587341
sub-01,94,2,12,40.0,16152,16272,16452,40.0,0.0,0.0,397.96391,3049.33891,0.5842403570810953,4,611.375,1237.96391,16268,0.5281369686126709,0.5656396150588989,0.6589444875717163
sub-01,95,2,300,60.0,13557,18057,21057,30.0,-30.0,30.0,409.9794757,2986.9794757,0.403727372487386,9,537.0,1249.9794757,18066,0.3758886456489563,0.4790112376213074,0.3562822341918945
sub-01,96,2,60,20.0,22148,22448,23648,67.0,47.0,47.0,421.9794604,2816.021127066667,0.7543506423632304,77,354.0416666666667,1261.9794604,22525,0.7751333713531494,0.6522481441497803,0.8356704115867615
sub-01,97,2,12,40.0,14329,14449,14629,58.0,17.99999999999999,17.99999999999999,433.9790238,3161.312357133334,0.6595950325330099,37,687.3333333333334,1273.9790238,14486,0.8409432172775269,0.6336743831634521,0.5041674971580505
sub-01,98,2,300,40.0,18922,21922,26422,47.0,6.999999999999995,6.999999999999995,445.9632804,2861.921613733333,0.5633342862129211,33,375.9583333333333,1285.9632804,21955,0.4544993042945862,0.5575016140937805,0.6780019402503967
sub-01,99,2,60,40.0,16451,17051,17951,81.0,41.0,41.0,457.978468,3076.895134666666,0.4578174750010173,62,578.9166666666666,1297.978468,16989,0.4077326357364655,0.38143590092659,0.5842838883399963
sub-01,100,2,300,80.0,16072,22072,23572,70.0,-10.00000000000001,10.00000000000001,469.9780051,2879.686338433333,0.6907318234443665,30,369.7083333333333,1309.9780051,22102,0.6991831660270691,0.6252601742744446,0.7477521300315857
sub-01,101,2,12,80.0,17959,18199,18259,30.0,-50.0,50.0,481.9774485,3053.060781833334,0.5256823698679606,13,531.0833333333334,1321.9774485,18212,0.4445958435535431,0.3973946273326874,0.7350566387176514
sub-01,102,2,300,40.0,12645,15645,20145,20.0,-20.0000000000001,20.0000000000001,493.9769905,3171.4769905,0.4833318591117859,79,637.5,1333.9769905,15566,0.3325506448745728,0.8097460269927979,0.3076989054679871
sub-01,103,2,300,20.0,2522,4022,10022,60.0,40.0,40.0,505.9764137,3667.768080366666,0.5355079074700674,103,1121.791666666667,1345.9764137,3919,0.4028442800045013,0.5667615532875061,0.6369178891181946
sub-01,104,2,60,80.0,19722,20922,21222,67.0,-13.0000000000001,13.0000000000001,517.9762726,2975.6012726,0.4390139579772949,4,417.625,1357.9762726,20918,0.2664623558521271,0.2528848946094513,0.7976946234703064
sub-01,105,2,12,40.0,25018,25138,25318,41.0,0.9999999999999953,0.9999999999999953,529.975394,2811.933727333333,0.4298418958981832,52,241.9583333333333,1369.975394,25086,0.6141610145568848,0.2862626314163208,0.389102041721344
sub-01,106,2,60,40.0,21153,21753,22653,20.0,-20.0000000000001,20.0000000000001,541.9753303,2964.9753303,0.4839116136233012,103,383.0,1381.9753303,21856,0.3679801821708679,0.516567587852478,0.5671870708465576
sub-01,107,2,60,20.0,21153,21453,22653,11.0,-9.000000000000101,9.000000000000101,553.9743235,2989.4743235,0.4497900009155273,5,395.5,1393.9743235,21458,0.3679801821708679,0.5040720701217651,0.477317750453949
sub-01,108,2,60,60.0,4556,5456,6056,68.0,7.999999999999908,7.999999999999908,565.974406,3668.016072666667,0.5301138758659363,122,1062.041666666667,1405.974406,5334,0.3863067626953125,0.6873242259025574,0.516710638999939
sub-01,109,2,12,40.0,4600,4720,4900,30.0,-10.0,10.0,577.9734944,3710.681827733333,0.7437288562456766,146,1092.708333333333,1417.9734944,4574,0.7777841091156006,0.7565308809280396,0.6968715786933899
sub-01,110,2,300,40.0,11085,14085,18585,29.0,-11.0,11.0,589.9736049,3332.4736049,0.5201948086420695,5,702.5,1429.9736049,14090,0.4033203721046448,0.5902622938156128,0.5670017600059509
sub-01,111,2,12,80.0,15162,15402,15462,72.0,-8.000000000000007,8.000000000000007,601.972557,3289.597557,0.8094327449798584,6,647.625,1441.972557,15408,0.9254937767982483,0.76162189245224,0.7411825656890869
sub-01,112,2,300,80.0,21224,27224,28724,73.0,-7.000000000000006,7.000000000000006,613.972251,2809.013917666667,0.4482779105504354,25,155.0416666666667,1453.972251,27199,0.4957984089851379,0.2858181595802307,0.5632171630859375
sub-01,113,2,300,60.0,10273,14773,17773,49.0,-11.0,11.0,625.972195,3339.805528333333,0.5385629534721375,6,673.8333333333334,1465.972195,14779,0.6644483208656311,0.5432666540145874,0.4079738855361938
sub-01,114,2,300,40.0,14351,17351,21851,15.0,-25.0,25.0,637.9716705,3244.388337166667,0.5387374758720398,45,566.4166666666666,1477.9716705,17396,0.724799394607544,0.4897752702236176,0.4016377627849579
sub-01,115,2,300,20.0,11085,12585,18585,29.0,8.999999999999996,8.999999999999996,649.9711023,3454.9711023,0.4837805231412252,55,765.0,1489.9711023,12530,0.4033203721046448,0.5894376039505005,0.4585835933685303
sub-01,116,2,12,40.0,26328,26448,26628,53.0,13.0,13.0,661.9710482,2889.3460482,0.6590534845987955,13,187.375,1501.9710482,26461,0.5709407329559326,0.5112224817276001,0.894997239112854
sub-01,117,2,60,40.0,22148,22748,23648,40.0,0.0,0.0,673.9703891,3055.512055766667,0.7547740340232849,26,341.5416666666667,1513.9703891,22722,0.7751333713531494,0.7231076955795288,0.7660810351371765
sub-01,118,2,12,60.0,3739,3919,4039,50.0,-9.999999999999998,9.999999999999998,685.9699582,3852.053291533333,0.6114911337693533,0,1126.083333333333,1525.9699582,3919,0.4719128906726837,0.509016752243042,0.853543758392334
sub-01,119,2,300,80.0,12645,18645,20145,72.0,-8.000000000000007,8.000000000000007,697.9696157,3250.4696157,0.3546567757924398,1,512.5,1537.9696157,18644,0.3325506448745728,0.5080514550209045,0.223368227481842
sub-01,120,2,300,80.0,11085,17085,18585,53.0,-27.0,27.0,709.9694403,3327.4694403,0.4115125834941864,96,577.5,1549.9694403,16989,0.4033203721046448,0.3875819444656372,0.4436354339122772
sub-01,121,3,300,20.0,10518,12018,18018,24.0,3.999999999999998,3.999999999999998,1.9792599,3670.6042599,0.523449162642161,66,788.625,1681.9792599,11952,0.4809038639068604,0.6926851868629456,0.3967584371566772
sub-01,122,3,12,60.0,25018,25198,25318,61.0,1.000000000000001,1.000000000000001,13.9785354,3133.436868733334,0.4345815678437551,36,239.4583333333333,1693.9785354,25234,0.6141610145568848,0.2939744591712952,0.3956092298030853
sub-01,123,3,60,60.0,19722,20622,21222,62.0,2.000000000000002,2.000000000000002,25.9782118,3336.1032118,0.3762088517347972,11,430.125,1705.9782118,20633,0.2664623558521271,0.3047064542770386,0.5574577450752258
sub-01,124,3,60,20.0,9187,9487,10687,21.0,0.9999999999998982,0.9999999999998982,37.9776708,3812.061004133333,0.4341746270656586,137,894.0833333333333,1717.9776708,9350,0.3550187647342682,0.3942632675170898,0.5532418489456177
sub-01,125,3,12,40.0,11565,11685,11865,50.0,9.999999999999998,9.999999999999998,49.9772215,3732.4772215,0.5302267173926035,12,802.5,1729.9772215,11697,0.3914435207843781,0.4150402545928955,0.7841963768005371
sub-01,126,3,60,80.0,16451,17651,17951,63.0,-17.0000000000001,17.0000000000001,61.9766064,3495.893273066667,0.5035713215668997,10,553.9166666666666,1741.9766064,17641,0.4077326357364655,0.5479989051818848,0.5549824237823486
sub-01,127,3,12,60.0,21273,21453,21573,60.0,0.0,0.0,73.9763033,3349.4763033,0.7098126411437988,5,395.5,1753.9763033,21458,0.6364972591400146,0.9353196620941162,0.5576210021972656
sub-01,128,3,12,40.0,29300,29420,29600,60.0,20.0,20.0,85.9757842,3029.517450866667,0.8819126685460409,33,63.54166666666667,1765.9757842,29453,0.8350129723548889,0.8421690464019775,0.9685559868812561
sub-01,129,3,60,60.0,14390,15290,15890,40.0,-20.0,20.0,97.9758432,3630.267509866667,0.6460424860318502,1,652.2916666666667,1777.9758432,15291,0.8536198735237122,0.5200453996658325,0.5644621849060059
sub-01,130,3,60,20.0,14390,14690,15890,30.0,9.999999999999998,9.999999999999998,109.9750058,3667.266672466667,0.6521032452583313,10,677.2916666666667,1789.9750058,14700,0.8536198735237122,0.5043586492538452,0.5983312129974365
sub-01,131,3,60,60.0,15628,16528,17128,50.0,-9.999999999999998,9.999999999999998,121.9745664,3602.682899733333,0.3780133724212646,10,600.7083333333334,1801.9745664,16538,0.3333605825901031,0.5696879625320435,0.2309915721416473
sub-01,132,3,12,60.0,17959,18139,18259,89.0,29.0,29.0,133.9744009,3547.557734233334,0.4794936577479045,8,533.5833333333334,1813.9744009,18131,0.4445958435535431,0.3267515599727631,0.6671335697174072
sub-01,133,3,60,20.0,1414,1714,2914,39.0,19.0,19.0,145.9737348,4243.932068133333,0.828979512055715,45,1217.958333333333,1825.9737348,1669,0.880903422832489,0.8191670179367065,0.7868680953979492
sub-01,134,3,300,40.0,18200,21200,25700,69.0,28.99999999999999,28.99999999999999,157.9733516,3444.015018266667,0.6139097015062968,5,406.0416666666666,1837.9733516,21195,0.7913621068000793,0.5797491073608398,0.4706178903579712
sub-01,135,3,12,60.0,4600,4780,4900,59.0,-1.000000000000001,1.000000000000001,169.9728287,4140.181162033333,0.7787288228670756,138,1090.208333333333,1849.9728287,4918,0.7777841091156006,0.792999804019928,0.7654025554656982
sub-01,136,3,60,80.0,12596,13796,14096,40.0,-40.0,40.0,181.9717258,3776.513392466667,0.7101635535558065,21,714.5416666666666,1861.9717258,13775,0.6896935701370239,0.7663446664810181,0.6744524240493774
sub-01,137,3,300,60.0,16072,20572,23572,77.0,17.0,17.0,193.9720108,3506.180344133333,0.5997070074081421,7,432.2083333333333,1873.9720108,20579,0.6991831660270691,0.5221515893936157,0.5777862668037415
sub-01,138,3,12,80.0,21273,21513,21573,60.0,-20.00000000000001,20.00000000000001,205.9715795,3478.9715795,0.761513888835907,55,393.0,1885.9715795,21458,0.6364972591400146,0.6596757173538208,0.9883686900138855
sub-01,139,3,12,20.0,25018,25078,25318,40.0,20.0,20.0,217.9716023,3342.429935633333,0.6942399938901266,8,244.4583333333333,1897.9716023,25086,0.6141610145568848,0.9039344191551208,0.564624547958374
sub-01,140,3,60,80.0,3650,4850,5150,77.0,-3.000000000000003,3.000000000000003,229.9709654,4197.262632066667,0.5698604385058085,68,1087.291666666667,1909.9709654,4918,0.5862624645233154,0.4856967329978943,0.6376221179962158
sub-01,141,3,300,20.0,1960,3460,9460,32.0,12.0,12.0,241.9704009,4267.178734233333,0.4165655970573425,5,1145.208333333333,1921.9704009,3465,0.4332830309867859,0.3121706247329712,0.5042431354522705
sub-01,142,3,60,60.0,25202,26102,26702,50.0,-9.999999999999998,9.999999999999998,253.9699669,3335.761633566667,0.4692843357721965,2,201.7916666666667,1933.9699669,26100,0.3809497356414795,0.4893439412117004,0.5375593304634094
sub-01,143,3,12,80.0,15586,15826,15886,60.0,-20.00000000000001,20.00000000000001,265.9698316,3775.928164933333,0.9124985337257385,66,629.9583333333333,1945.9698316,15892,0.8931840062141418,0.8958742022514343,0.9484373927116394
sub-01,144,3,300,80.0,19476,25476,26976,80.0,0.0,0.0,277.9688666,3385.8438666,0.6969300111134847,73,227.875,1957.9688666,25549,0.6188912987709045,0.6677826046943665,0.8041161298751831
sub-01,145,3,300,20.0,19988,21488,27488,27.0,7.000000000000001,7.000000000000001,289.9690372,3564.010703866667,0.3783372640609741,30,394.0416666666667,1969.9690372,21458,0.3813353776931763,0.459869921207428,0.2938064932823181
sub-01,146,3,12,20.0,1602,1662,1902,30.0,9.999999999999998,9.999999999999998,301.9684601,4402.0934601,0.5628410677115122,7,1220.125,1981.9684601,1669,0.398957371711731,0.8393628597259521,0.4502029716968536
sub-01,147,3,12,60.0,12500,12680,12800,45.0,-15.0000000000001,15.0000000000001,313.9678557,3955.009522366667,0.6988057295481364,101,761.0416666666667,1993.9678557,12781,0.6307471990585327,0.7322897911071777,0.7333801984786987
sub-01,148,3,300,20.0,22736,24236,30236,40.0,20.0,20.0,325.9675569,3485.509223566667,0.4607719282309214,36,279.5416666666666,2005.9675569,24200,0.3682210445404053,0.7480726838111877,0.2660220563411713
sub-01,149,3,60,20.0,17621,17921,19121,24.0,3.999999999999898,3.999999999999898,337.967265,3760.633931666666,0.5042707920074463,40,542.6666666666666,2017.967265,17961,0.3215714693069458,0.6877478361129761,0.503493070602417
sub-01,150,3,12,80.0,13450,13690,13750,69.0,-11.00000000000001,11.00000000000001,349.9665406,3948.924873933333,0.8750321467717489,59,718.9583333333333,2029.9665406,13631,0.8810839056968689,0.851312518119812,0.8927000164985657
sub-01,151,3,60,80.0,22148,23348,23648,60.0,-20.00000000000001,20.00000000000001,361.9663072,3558.507973866666,0.7221020658810934,34,316.5416666666666,2041.9663072,23314,0.7751333713531494,0.607972264289856,0.7832005620002747
sub-01,152,3,60,40.0,3650,4250,5150,40.0,0.0,0.0,373.965962,4366.257628666667,0.4658097426096598,48,1112.291666666667,2053.965962,4298,0.5862624645233154,0.4040170311927795,0.4071497321128845
sub-01,153,3,12,20.0,3739,3799,4039,50.0,30.0,30.0,385.9655977,4397.048931033333,0.6012613475322723,13,1131.083333333333,2065.9655977,3812,0.4719128906726837,0.754043459892273,0.5778276920318604
sub-01,154,3,12,60.0,29300,29480,29600,71.0,11.0,11.0,397.9647871,3339.006453766667,0.738899032274882,27,61.04166666666667,2077.9647871,29453,0.8350129723548889,0.6362881660461426,0.7453959584236145
sub-01,155,3,60,80.0,26923,28123,28423,69.0,-11.00000000000001,11.00000000000001,409.9647197,3407.548053033333,0.5448789199193319,43,117.5833333333333,2089.9647197,28166,0.5707108974456787,0.571867823600769,0.4920580387115479
sub-01,156,3,60,60.0,17621,18521,19121,70.0,9.999999999999998,9.999999999999998,421.9802099,3819.646876566666,0.4645026723543803,38,517.6666666666666,2101.9802099,18483,0.3215714693069458,0.7027657628059387,0.3691707849502563
sub-01,157,3,12,60.0,1602,1782,1902,80.0,20.00000000000001,20.00000000000001,433.9632931,4529.0882931,0.5021003981431326,6,1215.125,2113.9632931,1788,0.398957371711731,0.3962198793888092,0.7111239433288574
sub-01,158,3,60,40.0,10035,10635,11535,40.0,0.0,0.0,445.964087,4172.214087,0.4851002295811971,41,846.25,2125.964087,10676,0.4042032361030579,0.6328505277633667,0.4182469248771667
sub-01,159,3,12,20.0,11565,11625,11865,30.0,9.999999999999998,9.999999999999998,457.9791475,4142.9791475,0.4589514633019765,17,805.0,2137.9791475,11608,0.3914435207843781,0.6147884130477905,0.370622456073761
sub-01,160,3,12,40.0,17959,18079,18259,73.0,32.99999999999999,32.99999999999999,469.9789988,3886.062332133334,0.529117077589035,13,536.0833333333334,2149.9789988,18066,0.4445958435535431,0.393297553062439,0.749457836151123
sub-01,161,3,300,40.0,13557,16557,21057,30.0,-10.0,10.0,481.9788152,3961.4788152,0.4212459325790405,19,599.5,2161.9788152,16538,0.3758886456489563,0.6171020269393921,0.2707471251487732
sub-01,162,3,12,60.0,11565,11745,11865,40.0,-20.0,20.0,493.9781888,4173.9781888,0.469659835100174,31,800.0,2173.9781888,11776,0.3914435207843781,0.7209178805351257,0.2966181039810181
sub-01,163,3,12,60.0,2486,2666,2786,72.0,12.0,12.0,505.9778574,4564.269524066667,0.783421794573466,58,1178.291666666667,2185.9778574,2608,0.802486777305603,0.7074841260910034,0.8402944803237915
sub-01,164,3,60,60.0,21153,22053,22653,55.0,-4.999999999999993,4.999999999999993,517.9774886,3768.4774886,0.5016510089238485,49,370.5,2197.9774886,22102,0.3679801821708679,0.6832796335220337,0.4536932110786438
sub-01,165,3,60,40.0,13942,14542,15442,60.0,20.0,20.0,529.9769655,4093.435298833333,0.6759261886278788,21,683.4583333333333,2209.9769655,14563,0.6176077127456665,0.6839535236358643,0.7262173295021057
sub-01,166,3,12,40.0,15586,15706,15886,41.0,0.9999999999999953,0.9999999999999953,541.9766706,4056.935003933333,0.9180031816164652,140,634.9583333333333,2221.9766706,15566,0.8931840062141418,0.9467823505401611,0.9140431880950928
sub-01,167,3,300,40.0,19476,22476,26976,60.0,20.0,20.0,553.9761987,3786.8511987,0.5962907870610555,49,352.875,2233.9761987,22525,0.6188912987709045,0.5153660178184509,0.654615044593811
sub-01,168,3,60,80.0,13942,15142,15442,70.0,-10.00000000000001,10.00000000000001,565.9754643,4104.433797633334,0.7459775606791178,65,658.4583333333333,2245.9754643,15077,0.6176077127456665,0.6675562858581543,0.9527686834335327
sub-01,169,3,12,40.0,25820,25940,26120,40.0,0.0,0.0,577.9746756,3666.516342266666,0.5388381779193878,4,208.5416666666667,2257.9746756,25944,0.5143770575523376,0.6307589411735535,0.4713785350322723
sub-01,170,3,12,20.0,21800,21860,22100,60.0,40.0,40.0,589.9749499,3848.516616566666,0.7793178558349609,4,378.5416666666666,2269.9749499,21856,0.7369933128356934,0.7989891767501831,0.8019710779190063
sub-01,171,3,12,80.0,1602,1842,1902,73.0,-7.000000000000006,7.000000000000006,601.974359,4694.599359,0.494504451751709,17,1212.625,2281.974359,1859,0.398957371711731,0.4164794087409973,0.6680765748023987
sub-01,172,3,12,40.0,21800,21920,22100,38.0,-2.000000000000002,2.000000000000002,613.9739155,3870.015582166666,0.7867517669995626,35,376.0416666666666,2293.9739155,21955,0.7369933128356934,0.8263338804244995,0.7969281077384949
sub-01,173,3,300,20.0,19476,20976,26976,31.0,11.0,11.0,625.9736872,3921.3486872,0.5132322609424591,58,415.375,2305.9736872,20918,0.6188912987709045,0.4182795584201813,0.5025259256362915
sub-01,174,3,12,80.0,12500,12740,12800,40.0,-40.0,40.0,637.9727236,4276.514390266667,0.690956731637319,41,758.5416666666667,2317.9727236,12781,0.6307471990585327,0.6936213970184326,0.7485015988349915
sub-01,175,3,300,60.0,12645,17145,20145,40.0,-20.0,20.0,649.97282,4104.97282,0.3067064632972081,112,575.0,2329.97282,17257,0.3325506448745728,0.3475162088871002,0.2400525361299515
sub-01,176,3,300,40.0,13458,16458,20958,30.0,-10.0,10.0,661.9723584,4145.5973584,0.5875885685284933,80,603.625,2341.9723584,16538,0.50355064868927,0.7163223624229431,0.5428926944732666
sub-01,177,3,300,40.0,20069,23069,27569,60.0,20.0,20.0,673.9716376,3882.138304266667,0.4686923126379649,19,328.1666666666667,2353.9716376,23050,0.3772507607936859,0.444087028503418,0.5847391486167908
sub-01,178,3,300,60.0,21224,25724,28724,50.0,-9.999999999999998,9.999999999999998,685.9707803,3783.512446966667,0.4868685801823934,55,217.5416666666667,2365.9707803,25779,0.4957984089851379,0.4314243197441101,0.5333830118179321
sub-01,179,3,300,40.0,22736,25736,30236,40.0,0.0,0.0,697.9705371,3795.012203766667,0.455519050359726,43,217.0416666666667,2377.9705371,25779,0.3682210445404053,0.7292906045913696,0.269045501947403
sub-01,180,3,60,40.0,11369,11969,12869,40.0,0.0,0.0,709.9704675,4380.637134166667,0.5985583464304606,17,790.6666666666666,2389.9704675,11952,0.5332748293876648,0.51999431848526,0.742405891418457
sub-01,181,4,12,80.0,29300,29540,29600,60.0,-20.00000000000001,20.00000000000001,1.9781686,3780.519835266667,0.77751225233078,43,58.54166666666667,2521.9781686,29583,0.8350129723548889,0.6894038915634155,0.8081198930740356
sub-01,182,4,300,80.0,22736,28736,30236,39.0,-41.0,41.0,13.9777092,3826.019375866666,0.4290483991305034,12,92.04166666666667,2533.9777092,28748,0.3682210445404053,0.5668894052505493,0.3520347476005554
sub-01,183,4,60,80.0,15628,16828,17128,70.0,-10.00000000000001,10.00000000000001,25.9773079,4334.185641233334,0.489119956890742,95,588.2083333333334,2545.9773079,16733,0.3333605825901031,0.6585142612457275,0.4754850268363953
sub-01,184,4,300,20.0,16072,17572,23572,30.0,9.999999999999998,9.999999999999998,37.9757772,4315.184110533333,0.4452633857727051,54,557.2083333333333,2557.9757772,17518,0.6991831660270691,0.3466429710388184,0.2899640202522278
sub-01,185,4,12,80.0,25018,25258,25318,40.0,-40.0,40.0,49.9765101,4006.934843433333,0.4515326122442881,24,236.9583333333333,2569.9765101,25234,0.6141610145568848,0.3367391526699066,0.403697669506073
sub-01,186,4,300,80.0,9381,15381,16881,70.0,-10.00000000000001,10.00000000000001,61.9759585,4430.4759585,0.462941974401474,27,648.5,2581.9759585,15408,0.4345032870769501,0.5163846611976624,0.4379379749298096
sub-01,187,4,12,80.0,16152,16392,16452,80.0,0.0,0.0,73.9752906,4400.350290599999,0.6785722573598226,23,606.375,2593.9752906,16369,0.5281369686126709,0.5270529985427856,0.9805268049240112
sub-01,188,4,12,20.0,15162,15222,15462,31.0,11.0,11.0,85.9747895,4461.0997895,0.781456708908081,12,655.125,2605.9747895,15210,0.9254937767982483,0.7155771851539612,0.7032991647720337
sub-01,189,4,12,40.0,21273,21393,21573,31.0,-9.000000000000002,9.000000000000002,97.9747025,4215.9747025,0.7485846281051636,60,398.0,2617.9747025,21333,0.6364972591400146,0.9767245054244995,0.6325321197509766
sub-01,190,4,12,60.0,25820,26000,26120,35.0,-25.0,25.0,109.9742233,4036.015889966667,0.5132855077584585,13,206.0416666666667,2629.9742233,25987,0.5143770575523376,0.4872446954250336,0.5382347702980042
sub-01,191,4,60,40.0,4556,5156,6056,60.0,20.0,20.0,121.9735094,4916.515176066667,0.5071964263916016,8,1074.541666666667,2641.9735094,5148,0.3863067626953125,0.6171047687530518,0.5181777477264404
sub-01,192,4,300,60.0,18922,23422,26422,70.0,9.999999999999998,9.999999999999998,133.9730704,4167.431403733333,0.5621831814448038,108,313.4583333333334,2653.9730704,23314,0.4544993042945862,0.6055994033813477,0.6264508366584778
sub-01,193,4,12,40.0,27281,27401,27581,30.0,-10.0,10.0,145.972503,4013.639169666667,0.5094110866387686,35,147.6666666666667,2665.972503,27436,0.6636466979980469,0.441977858543396,0.4226087033748627
sub-01,194,4,60,80.0,28296,29496,29796,70.0,-10.00000000000001,10.00000000000001,157.9724278,3938.3474278,0.3785793483257294,43,60.375,2677.9724278,29453,0.3865716159343719,0.4224247336387634,0.3267416954040527
sub-01,195,4,60,80.0,9187,10387,10687,73.0,-7.000000000000006,7.000000000000006,169.9717692,4746.555102533333,0.4623893102010091,75,856.5833333333333,2689.9717692,10312,0.3550187647342682,0.4799858033657074,0.5521633625030518
sub-01,196,4,300,20.0,18200,19700,25700,60.0,40.0,40.0,181.9715773,4370.513243966667,0.5997216502825419,14,468.5416666666666,2701.9715773,19714,0.7913621068000793,0.5818954110145569,0.4259074330329895
sub-01,197,4,300,40.0,16072,19072,23572,60.0,20.0,20.0,193.9712006,4408.679533933333,0.6018408536911011,51,494.7083333333333,2713.9712006,19021,0.6991831660270691,0.5178983807563782,0.588441014289856
sub-01,198,4,12,20.0,13450,13510,13750,31.0,11.0,11.0,205.9703422,4652.428675533333,0.7579678495724996,121,726.4583333333333,2725.9703422,13631,0.8810839056968689,0.6947833299636841,0.6980363130569458
sub-01,199,4,300,40.0,10273,13273,17773,20.0,-20.0000000000001,20.0000000000001,217.9703693,4674.303702633333,0.5846287608146667,175,736.3333333333334,2737.9703693,13098,0.6644483208656311,0.6366292238235474,0.4528087377548218
sub-01,200,4,300,60.0,19988,24488,27488,60.0,0.0,0.0,229.9699302,4219.011596866667,0.3656013011932373,14,269.0416666666666,2749.9699302,24474,0.3813353776931763,0.4435606002807617,0.2719079256057739
sub-01,201,4,60,20.0,16451,16751,17951,60.0,40.0,40.0,241.9694702,4553.386136866667,0.5412948826948801,18,591.4166666666666,2761.9694702,16733,0.4077326357364655,0.724357008934021,0.4917950034141541
sub-01,202,4,300,80.0,13557,19557,21057,80.0,0.0,0.0,253.9691905,4448.4691905,0.4080727597077687,5,474.5,2773.9691905,19562,0.3758886456489563,0.4559771418571472,0.3923524916172028
sub-01,203,4,60,20.0,3650,3950,5150,34.0,14.0,14.0,265.9687394,5110.760406066667,0.6120518445968628,31,1124.791666666667,2785.9687394,3919,0.5862624645233154,0.7236588001251221,0.5262342691421509
sub-01,204,4,300,20.0,12645,14145,20145,27.0,6.999999999999901,6.999999999999901,277.9682236,4697.9682236,0.4665349721908569,22,700.0,2797.9682236,14167,0.3325506448745728,0.6808251142501831,0.3862291574478149
sub-01,205,4,300,60.0,18200,22700,25700,70.0,9.999999999999998,9.999999999999998,289.9675454,4353.509212066667,0.5942785243193308,22,343.5416666666666,2809.9675454,22722,0.7913621068000793,0.5266366004943848,0.4648368656635284
sub-01,206,4,60,80.0,1414,2614,2914,65.0,-15.0,15.0,301.9671801,5202.425513433333,0.8930876056353251,6,1180.458333333333,2821.9671801,2608,0.880903422832489,0.8987325429916382,0.8996268510818481
sub-01,207,4,300,80.0,10518,16518,18018,40.0,-40.0,40.0,313.9668741,4635.0918741,0.5835975805918375,20,601.125,2833.9668741,16538,0.4809038639068604,0.6515042781829834,0.618384599685669
sub-01,208,4,60,60.0,16451,17351,17951,41.0,-19.0,19.0,325.965924,4612.382590666666,0.5155370732148489,45,566.4166666666666,2845.965924,17396,0.4077326357364655,0.5240662097930908,0.6148123741149902
sub-01,209,4,12,20.0,23924,23984,24224,7.0,-13.00000000000001,13.00000000000001,337.9656856,4348.007352266667,0.5275024274984995,1,290.0416666666667,2857.9656856,23983,0.842187762260437,0.3587985932826996,0.3815209269523621
sub-01,210,4,60,80.0,17621,18821,19121,65.0,-15.0000000000001,15.0000000000001,349.9651633,4575.131829966666,0.3988540669282277,51,505.1666666666666,2869.9651633,18770,0.3215714693069458,0.2878380119800568,0.5871527194976807
sub-01,211,4,60,60.0,1414,2314,2914,20.0,-40.0000000000001,40.0000000000001,361.9648022,5274.923135533333,0.5532291034857432,101,1192.958333333333,2881.9648022,2213,0.880903422832489,0.3672802746295929,0.4115036129951477
sub-01,212,4,12,60.0,14329,14509,14629,52.0,-7.999999999999996,7.999999999999996,373.9647712,4778.798104533334,0.6979909539222717,5,684.8333333333334,2893.9647712,14514,0.8409432172775269,0.6740689277648926,0.5789607167243958
sub-01,213,4,300,40.0,14066,17066,21566,20.0,-20.0000000000001,20.0000000000001,385.9641864,4684.255853066667,0.344607134660085,77,578.2916666666666,2905.9641864,16989,0.4270269870758057,0.3654076159000397,0.2413868010044098
sub-01,214,4,300,80.0,16327,22327,23827,70.0,-10.00000000000001,10.00000000000001,397.9638476,4477.047180933333,0.8052091797192892,126,359.0833333333333,2917.9638476,22201,0.7655408382415771,0.8272441029548645,0.8228425979614258
sub-01,215,4,60,60.0,13176,14076,14676,76.0,16.0,16.0,409.9803243,4832.855324300001,0.5600149631500244,14,702.875,2929.9803243,14090,0.4577959775924683,0.7213362455368042,0.5009126663208008
sub-01,216,4,300,60.0,19476,23976,26976,70.0,9.999999999999998,9.999999999999998,421.9797522,4432.3547522,0.4742002089818318,7,290.375,2941.9797522,23983,0.6188912987709045,0.414272665977478,0.389436662197113
sub-01,217,4,60,60.0,9187,10087,10687,79.0,19.00000000000001,19.00000000000001,433.9793377,5023.062671033333,0.3919157981872559,3,869.0833333333333,2953.9793377,10084,0.3550187647342682,0.2649111449718475,0.5558174848556519
sub-01,218,4,12,20.0,2486,2546,2786,22.0,1.999999999999899,1.999999999999899,445.9785696,5349.270236266667,0.8667487899462382,62,1183.291666666667,2965.9785696,2608,0.802486777305603,0.9840866923332214,0.8136729001998901
sub-01,219,4,60,60.0,12596,13496,14096,60.0,0.0,0.0,457.9778352,4905.019501866666,0.6799863576889038,135,727.0416666666666,2977.9778352,13631,0.6896935701370239,0.6670957803726196,0.6831697225570679
sub-01,220,4,12,80.0,27281,27521,27581,70.0,-10.00000000000001,10.00000000000001,469.9625372,4332.629203866667,0.4848086337248484,3,142.6666666666667,2989.9625372,27524,0.6636466979980469,0.3566986918449402,0.4340805113315582
sub-01,221,4,300,80.0,10273,16273,17773,69.0,-11.00000000000001,11.00000000000001,481.977441,4813.310774333333,0.6918664971987406,5,611.3333333333334,3001.977441,16268,0.6644483208656311,0.815407931804657,0.5957432389259338
sub-01,222,4,300,20.0,13557,15057,21057,30.0,9.999999999999897,9.999999999999897,493.9766803,4875.9766803,0.4683381915092468,20,662.0,3013.9766803,15077,0.3758886456489563,0.5231049060821533,0.5060210227966309
sub-01,223,4,60,40.0,28296,28896,29796,20.0,-20.0000000000001,20.0000000000001,505.97694,4311.35194,0.4489782452583313,24,85.375,3025.97694,28920,0.3865716159343719,0.6369501352310181,0.3234129846096039
sub-01,224,4,60,80.0,25202,26402,26702,67.0,-13.0000000000001,13.0000000000001,517.9764379,4427.268104566667,0.5140026807785034,6,189.2916666666667,3037.9764379,26408,0.3809497356414795,0.5420464277267456,0.6190118789672852
sub-01,225,4,60,20.0,25895,26195,27395,70.0,49.99999999999999,49.99999999999999,529.9760135,4447.892680166667,0.4230545957883199,9,197.9166666666667,3049.9760135,26204,0.4523409605026245,0.4060891568660736,0.4107336699962616
sub-01,226,4,12,60.0,27281,27461,27581,79.0,19.00000000000001,19.00000000000001,541.9754966,4407.142163266667,0.4796195526917775,25,145.1666666666667,3061.9754966,27436,0.6636466979980469,0.3428333103656769,0.4323786497116089
sub-01,227,4,300,80.0,13458,19458,20958,79.0,-1.000000000000001,1.000000000000001,553.9751559,4752.6001559,0.4845194419225057,23,478.625,3073.9751559,19435,0.50355064868927,0.5238090753555298,0.4261986017227173
sub-01,228,4,12,80.0,3739,3979,4039,60.0,-20.00000000000001,20.00000000000001,565.9747109,5409.558044233333,0.6051816046237946,60,1123.583333333333,3085.9747109,3919,0.4719128906726837,0.4458721876144409,0.897759735584259
sub-01,229,4,60,60.0,28296,29196,29796,50.0,-9.999999999999998,9.999999999999998,577.9742654,4370.8492654,0.4091068804264069,46,72.875,3097.9742654,29242,0.3865716159343719,0.4498548805713654,0.3908941447734833
sub-01,230,4,12,60.0,26328,26508,26628,68.0,7.999999999999908,7.999999999999908,589.9737033,4494.8487033,0.6680481433868408,8,184.875,3109.9737033,26500,0.5709407329559326,0.52729332447052,0.9059103727340698
sub-01,231,4,60,20.0,12596,12896,14096,23.0,2.9999999999999,2.9999999999999,601.9733963,5074.015062966666,0.7545562783877054,29,752.0416666666666,3121.9733963,12867,0.6896935701370239,0.8891801238059998,0.6847951412200928
sub-01,232,4,12,20.0,26328,26388,26628,40.0,20.0,20.0,613.9573556,4523.8323556,0.705589493115743,20,189.875,3133.9573556,26408,0.5709407329559326,0.9258666038513184,0.619961142539978
sub-01,233,4,60,40.0,13176,13776,14676,31.0,-9.000000000000002,9.000000000000002,625.9723053,5061.3473053,0.6049683094024658,1,715.375,3145.9723053,13775,0.4577959775924683,0.8532655239105225,0.5038434267044067
sub-01,234,4,300,80.0,14066,20066,21566,66.0,-14.0,14.0,637.9718211,4811.263487766666,0.372727503379186,9,453.2916666666666,3157.9718211,20075,0.4270269870758057,0.356378972530365,0.3347765505313873
sub-01,235,4,60,80.0,10035,11235,11535,50.0,-30.0,30.0,649.9716011,5191.2216011,0.5295221904913584,59,821.25,3169.9716011,11176,0.4042032361030579,0.7076236009597778,0.4767397344112396
sub-01,236,4,60,40.0,25895,26495,27395,60.0,20.0,20.0,661.9709277,4567.387594366667,0.4409943719704946,5,185.4166666666667,3181.9709277,26500,0.4523409605026245,0.4324473738670349,0.4381947815418243
sub-01,237,4,60,60.0,13942,14842,15442,24.0,-36.0,36.0,673.9708445,5064.929177833334,0.6806991696357727,1,670.9583333333333,3193.9708445,14843,0.6176077127456665,0.7277076244354248,0.6967821717262268
sub-01,238,4,60,40.0,15628,16228,17128,50.0,9.999999999999998,9.999999999999998,685.9709274,5019.179260733334,0.4691331088542938,40,613.2083333333334,3205.9709274,16268,0.3333605825901031,0.7965408563613892,0.2774978876113892
sub-01,239,4,300,20.0,9381,10881,16881,30.0,9.999999999999998,9.999999999999998,697.9700143,5253.9700143,0.5109103421370188,25,836.0,3217.9700143,10856,0.4345032870769501,0.6498915553092957,0.4483361840248108
sub-01,240,4,300,40.0,10518,13518,18018,50.0,9.999999999999998,9.999999999999998,709.9695981,5156.0945981,0.4738181233406067,113,726.125,3229.9695981,13631,0.4809038639068604,0.5519141554832458,0.3886363506317139
