subject,trial,run,interval_width,temporal_location(%),start_frame,target_frame,end_frame,reported_location(%),signed_error,absolute_error,response_time,confidence_rating,confidence_rt,valid_response
sub-24,1,1,300,20.0,21224,22724,28724,40.462963,20.462963,20.462963,7.33471429999917,1,2.21844049997162,True
sub-24,2,1,60,80.0,16451,17651,17951,85.925926,5.925926,5.925926,5.17155229998752,4,0.700036800000816,True
sub-24,3,1,60,20.0,25202,25502,26702,26.018519,6.018519,6.018519,7.09052060003159,2,0.666402300004847,True
sub-24,4,1,300,40.0,1960,4960,9460,74.722222,34.722222,34.722222,5.20489400002406,3,0.816860500024631,True
sub-24,5,1,12,40.0,21273,21393,21573,8.425926,-31.574074,31.574074,4.68820750003214,4,1.251301900018,True
sub-24,6,1,300,60.0,14351,18851,21851,48.240741,-11.759259,11.759259,11.1279034999897,1,0.733786099997814,True
sub-24,7,1,12,80.0,11500,11740,11800,91.296296,11.296296,11.296296,7.25695899996208,4,0.499875399982556,True
sub-24,8,1,300,80.0,22736,28736,30236,73.425926,-6.574074,6.574074,10.4600392999709,3,0.716803700022865,True
sub-24,9,1,12,60.0,26328,26508,26628,88.796296,28.796296,28.796296,5.18807190004736,4,1.73424109996994,True
sub-24,10,1,60,20.0,6042,6342,7542,36.203704,16.203704,16.203704,5.63902880001114,3,1.21714690001681,True
sub-24,11,1,12,40.0,15162,15282,15462,96.666667,56.666667,56.666667,6.43977500003529,4,0.700009599968325,True
sub-24,12,1,300,80.0,17351,23351,24851,7.407407,-72.592593,72.592593,13.0129227999714,3,0.483435500005725,True
sub-24,13,1,12,20.0,17600,17660,17900,39.166667,19.166667,19.166667,6.08904030005214,2,0.566806900023948,True
sub-24,14,1,12,80.0,14329,14569,14629,94.444444,14.444444,14.444444,7.14017440000316,3,1.08365169999888,True
sub-24,15,1,300,80.0,19988,25988,27488,95.925926,15.925926,15.925926,10.7104949000058,4,0.584041399997659,True
sub-24,16,1,60,40.0,21629,22229,23129,15.925926,-24.074074,24.074074,8.65828799997689,2,0.466948100016452,True
sub-24,17,1,60,20.0,17621,17921,19121,9.166667,-10.833333,10.833333,5.15512310003396,3,0.649896299990359,True
sub-24,18,1,12,60.0,14329,14509,14629,48.055556,-11.944444,11.944444,3.68747839995194,3,1.03376810002373,True
sub-24,19,1,60,40.0,19722,20322,21222,93.981481,53.981481,53.981481,4.68748539994703,3,0.66672139998991,True
sub-24,20,1,12,80.0,17600,17840,17900,97.592593,17.592593,17.592593,3.30392049998044,4,0.851175000017974,True
sub-24,21,1,12,80.0,21273,21513,21573,96.944444,16.944444,16.944444,4.23597169999266,4,0.600490199984051,True
sub-24,22,1,300,40.0,16072,19072,23572,63.333333,23.333333,23.333333,7.40748280001571,1,0.599996600009035,True
sub-24,23,1,300,80.0,18200,24200,25700,91.481481,11.481481,11.481481,5.57192859996575,2,0.550324500014539,True
sub-24,24,1,12,40.0,2393,2513,2693,80.092593,40.092593,40.092593,4.47081530001014,4,1.05039170000236,True
sub-24,25,1,12,80.0,10400,10640,10700,17.037037,-62.962963,62.962963,5.22168210003292,2,0.416446299990639,True
sub-24,26,1,300,20.0,19476,20976,26976,51.203704,31.203704,31.203704,6.98942640004679,2,1.15054310002597,True
sub-24,27,1,300,20.0,18200,19700,25700,75.092593,55.092593,55.092593,6.62322950002271,2,0.633423399995081,True
sub-24,28,1,60,80.0,26923,28123,28423,81.759259,1.759259,1.759259,4.28738320001866,4,0.566639700031373,True
sub-24,29,1,60,20.0,28296,28596,29796,38.703704,18.703704,18.703704,7.64059609995456,3,1.06683289998909,True
sub-24,30,1,60,80.0,25895,27095,27395,77.222222,-2.777778,2.777778,6.82301650004228,3,0.533169600006658,True
sub-24,31,1,12,60.0,25820,26000,26120,18.425926,-41.574074,41.574074,6.33980899996822,3,0.533124400011729,True
sub-24,32,1,60,20.0,19722,20022,21222,13.888889,-6.111111,6.111111,3.13618000003043,3,0.533041600021533,True
sub-24,33,1,300,20.0,5739,7239,13239,18.888889,-1.111111,1.111111,4.60434520000126,3,0.53327110002283,True
sub-24,34,1,12,80.0,24250,24490,24550,96.388889,16.388889,16.388889,4.35454899998148,4,0.683133800048381,True
sub-24,35,1,300,40.0,13557,16557,21057,45.462963,5.462963,5.462963,8.84217630000785,1,0.533812600013334,True
sub-24,36,1,300,80.0,1960,7960,9460,70.092593,-9.907407,9.907407,6.47288479999406,2,0.950910000014118,True
sub-24,37,1,12,80.0,4600,4840,4900,49.907407,-30.092593,30.092593,7.77394260000437,4,0.650900700013153,True
sub-24,38,1,300,20.0,10518,12018,18018,58.148148,38.148148,38.148148,7.20680139999603,1,0.700620100018568,True
sub-24,39,1,12,40.0,15586,15706,15886,50.37037,10.37037,10.37037,4.75476380001055,4,1.65080010000383,True
sub-24,40,1,60,60.0,25202,26102,26702,26.018519,-33.981481,33.981481,7.64103800000157,3,0.933221700019203,True
sub-24,41,1,300,60.0,19988,24488,27488,78.333333,18.333333,18.333333,6.00574839999899,2,0.666147199983242,True
sub-24,42,1,60,80.0,9187,10387,10687,32.777778,-47.222222,47.222222,8.97537089994875,2,0.533052999991923,True
sub-24,43,1,12,20.0,6414,6474,6714,21.759259,1.759259,1.759259,4.80437510000774,4,0.549840399995446,True
sub-24,44,1,60,40.0,25895,26495,27395,25.925926,-14.074074,14.074074,10.3766937999753,1,1.13409509998746,True
sub-24,45,1,300,80.0,21224,27224,28724,94.62963,14.62963,14.62963,4.5547721000039,3,1.40045419998932,True
sub-24,46,1,12,20.0,13450,13510,13750,88.611111,68.611111,68.611111,5.65531549998559,4,0.466358300007414,True
sub-24,47,1,300,80.0,13557,19557,21057,36.851852,-43.148148,43.148148,6.73981759999878,1,0.667020699998829,True
sub-24,48,1,60,80.0,14390,15590,15890,84.814815,4.814815,4.814815,8.89185640000505,3,2.81885440001497,True
sub-24,49,1,60,60.0,3650,4550,5150,81.388889,21.388889,21.388889,5.52202229999238,4,0.433444100024644,True
sub-24,50,1,300,40.0,1638,4638,9138,48.796296,8.796296,8.796296,6.82354830001713,2,1.18419070000527,True
sub-24,51,1,60,40.0,4556,5156,6056,90.092593,50.092593,50.092593,4.5044299000292,3,0.783782300015445,True
sub-24,52,1,12,80.0,13450,13690,13750,67.12963,-12.87037,12.87037,4.00393659999826,4,0.833762099966406,True
sub-24,53,1,60,20.0,16451,16751,17951,26.759259,6.759259,6.759259,6.13958720001392,3,1.26775780000025,True
sub-24,54,1,12,60.0,3739,3919,4039,91.203704,31.203704,31.203704,2.58533549995627,3,0.816548499977216,True
sub-24,55,1,60,20.0,1414,1714,2914,72.5,52.5,52.5,12.5290594999678,4,0.516784299979917,True
sub-24,56,1,60,60.0,21629,22529,23129,79.907407,19.907407,19.907407,10.8269522999762,3,0.583534899982623,True
sub-24,57,1,12,80.0,23864,24105,24165,20.648148,-59.351852,59.351852,10.5767132000182,3,0.499989599979016,True
sub-24,58,1,12,80.0,24970,25210,25270,76.574074,-3.425926,3.425926,4.68851200002245,4,1.15016640000976,True
sub-24,59,1,300,20.0,13557,15057,21057,74.537037,54.537037,54.537037,7.39055650000227,3,0.449979199969675,True
sub-24,60,1,60,20.0,14390,14690,15890,16.388889,-3.611111,3.611111,3.88729149999562,4,1.45107009995263,True
sub-24,61,1,60,40.0,11369,11969,12869,22.5,-17.5,17.5,5.3052144999965,1,0.584042800008319,True
sub-24,62,1,60,80.0,1414,2614,2914,94.907407,14.907407,14.907407,4.58775130001595,4,0.617155999992974,True
sub-24,63,1,12,80.0,25820,26060,26120,19.907407,-60.092593,60.092593,2.98648100002901,3,0.400329599971883,True
sub-24,64,1,300,80.0,13458,19458,20958,65.833333,-14.166667,14.166667,5.13848510000389,2,1.20066159998532,True
sub-24,65,1,60,60.0,6042,6942,7542,81.944444,21.944444,21.944444,5.32195270003285,4,0.71695729997009,True
sub-24,66,1,12,40.0,9950,10070,10250,93.981481,53.981481,53.981481,8.25828379997983,3,1.03397769998991,True
sub-24,67,1,60,60.0,4556,5456,6056,44.814815,-15.185185,15.185185,5.05464930000016,4,1.41728579998016,True
sub-24,68,1,12,20.0,26328,26388,26628,92.592593,72.592593,72.592593,4.47098640003241,4,0.683788299968,True
sub-24,69,1,60,60.0,14390,15290,15890,65.833333,5.833333,5.833333,8.52527019998524,4,0.784328500041738,True
sub-24,70,1,60,60.0,13942,14842,15442,7.777778,-52.222222,52.222222,3.62027610000222,3,0.683309399988502,True
sub-24,71,1,12,80.0,2393,2633,2693,95.277778,15.277778,15.277778,3.15331569995032,4,0.583406399993691,True
sub-24,72,1,60,60.0,17621,18521,19121,89.814815,29.814815,29.814815,3.87041660002432,4,0.650889199983794,True
sub-24,73,1,12,20.0,12500,12560,12800,17.592593,-2.407407,2.407407,4.73775490000844,3,0.700250199995935,True
sub-24,74,1,12,80.0,27281,27521,27581,76.111111,-3.888889,3.888889,4.45422269997652,4,0.65054639999289,True
sub-24,75,1,300,20.0,13458,14958,20958,69.722222,49.722222,49.722222,4.38764149998314,3,0.700196399993728,True
sub-24,76,1,60,60.0,2714,3614,4214,79.62963,19.62963,19.62963,3.08653619996039,4,0.600675199995748,True
sub-24,77,1,12,40.0,26328,26448,26628,95.740741,55.740741,55.740741,3.08605260000331,4,1.06707200000528,True
sub-24,78,1,60,40.0,5494,6094,6994,58.425926,18.425926,18.425926,7.77426870004273,3,1.03393069998128,True
sub-24,79,1,60,20.0,15628,15928,17128,6.666667,-13.333333,13.333333,4.7210550000309,3,0.61696449998999,True
sub-24,80,1,60,60.0,1414,2314,2914,9.259259,-50.740741,50.740741,3.06934079999336,3,0.53364199999487,True
sub-24,81,1,60,80.0,20386,21586,21886,87.592593,7.592593,7.592593,3.97067609999794,4,1.2504335999838,True
sub-24,82,1,300,40.0,16327,19327,23827,38.425926,-1.574074,1.574074,4.0873323000269,1,0.750551300006918,True
sub-24,83,1,300,40.0,21224,24224,28724,73.333333,33.333333,33.333333,5.02151990000857,3,0.466899899998679,True
sub-24,84,1,12,40.0,6414,6534,6714,44.074074,4.074074,4.074074,5.88921479997225,4,0.583286300010513,True
sub-24,85,1,60,60.0,9187,10087,10687,71.759259,11.759259,11.759259,6.13956540002254,2,0.516897900030016,True
sub-24,86,1,60,60.0,26923,27823,28423,68.796296,8.796296,8.796296,5.30487420002464,4,1.21751319995382,True
sub-24,87,1,60,80.0,22148,23348,23648,94.62963,14.62963,14.62963,5.35509660001844,3,1.06728519999887,True
sub-24,88,1,300,80.0,9381,15381,16881,74.166667,-5.833333,5.833333,7.89135360001819,3,0.500413400004617,True
sub-24,89,1,60,60.0,25895,26795,27395,23.518519,-36.481481,36.481481,6.75629400002071,2,1.35052789998007,True
sub-24,90,1,300,60.0,11153,15653,18653,65.0,5.0,5.0,8.69173580000642,2,0.500366899999789,True
sub-24,91,1,60,20.0,13942,14242,15442,21.018519,1.018519,1.018519,4.52096779999556,4,0.650711000023875,True
sub-24,92,1,12,60.0,6414,6594,6714,88.796296,28.796296,28.796296,3.55324889998883,4,0.599823300028219,True
sub-24,93,1,12,40.0,24970,25090,25270,88.148148,48.148148,48.148148,5.97231350000947,4,0.515954300004523,True
sub-24,94,1,60,20.0,4556,4856,6056,22.314815,2.314815,2.314815,5.92295060004107,3,0.71707770001376,True
sub-24,95,1,60,60.0,22148,23048,23648,75.0,15.0,15.0,5.43836169998394,3,0.499693100049626,True
sub-24,96,1,300,60.0,14066,18566,21566,72.037037,12.037037,12.037037,7.85758880001958,3,0.68333500000881,True
sub-24,97,1,12,20.0,21800,21860,22100,67.685185,47.685185,47.685185,9.07576640002662,4,0.683274300012271,True
sub-24,98,1,60,40.0,12596,13196,14096,78.518519,38.518519,38.518519,6.3400620999746,2,0.449848500022199,True
sub-24,99,1,60,20.0,21629,21929,23129,10.092593,-9.907407,9.907407,8.75842520000878,3,1.31783250003354,True
sub-24,100,1,300,60.0,1960,6460,9460,77.5,17.5,17.5,8.3915871999925,3,0.55024280003272,True
sub-24,101,2,300,80.0,10518,16518,18018,48.796296,-31.203704,31.203704,11.1714282999746,2,0.666907400009222,True
sub-24,102,2,300,20.0,16072,17572,23572,32.037037,12.037037,12.037037,5.43875689996639,2,0.449990299995988,True
sub-24,103,2,300,40.0,2522,5522,10022,35.925926,-4.074074,4.074074,7.87439979996997,3,0.983937899989541,True
sub-24,104,2,300,40.0,5739,8739,13239,8.888889,-31.111111,31.111111,3.58675200003199,4,0.550319899979513,True
sub-24,105,2,60,40.0,10035,10635,11535,16.574074,-23.425926,23.425926,7.30717329995241,3,0.483482499956153,True
sub-24,106,2,12,20.0,15162,15222,15462,79.814815,59.814815,59.814815,6.5901034999988,4,0.666793700016569,True
sub-24,107,2,300,20.0,22736,24236,30236,64.907407,44.907407,44.907407,7.14008540002396,3,1.03417349996743,True
sub-24,108,2,12,80.0,26328,26568,26628,94.62963,14.62963,14.62963,3.11933329998282,4,1.06727060000412,True
sub-24,109,2,60,80.0,15628,16828,17128,60.0,-20.0,20.0,4.25457910000113,4,0.633693600015249,True
sub-24,110,2,12,60.0,15162,15342,15462,58.981481,-1.018519,1.018519,11.7785731999902,3,1.13451469998108,True
sub-24,111,2,60,20.0,25895,26195,27395,42.87037,22.87037,22.87037,6.73927269998239,2,1.00062730000354,True
sub-24,112,2,60,20.0,12596,12896,14096,27.685185,7.685185,7.685185,4.55449779995251,2,0.583574799995403,True
sub-24,113,2,12,60.0,9950,10130,10250,57.962963,-2.037037,2.037037,7.72417480003787,3,0.68362139997771,True
sub-24,114,2,300,40.0,14351,17351,21851,36.851852,-3.148148,3.148148,6.89011639996897,3,1.10042199998861,True
sub-24,115,2,300,60.0,16072,20572,23572,69.074074,9.074074,9.074074,5.05487679998623,3,0.483662400045432,True
sub-24,116,2,60,40.0,9187,9787,10687,51.111111,11.111111,11.111111,5.83884270000271,2,0.80038929998409,True
sub-24,117,2,12,60.0,24250,24430,24550,47.962963,-12.037037,12.037037,4.18742619996191,3,0.433115599968004,True
sub-24,118,2,300,60.0,2522,7022,10022,76.388889,16.388889,16.388889,8.77526620001299,2,0.38342540001031,True
sub-24,119,2,12,60.0,24970,25150,25270,77.87037,17.87037,17.87037,4.80474779999349,4,0.883743500045966,True
sub-24,120,2,60,60.0,5494,6394,6994,51.759259,-8.240741,8.240741,6.22309560002759,4,0.566976900037843,True
sub-24,121,2,300,20.0,16327,17827,23827,31.481481,11.481481,11.481481,5.08794070000294,2,0.782595500000752,True
sub-24,122,2,60,80.0,25202,26402,26702,73.981481,-6.018519,6.018519,3.16947449999861,4,0.550309600017499,True
sub-24,123,2,12,20.0,14329,14389,14629,73.981481,53.981481,53.981481,6.2726163000334,3,0.934068300004582,True
sub-24,124,2,300,80.0,14351,20351,21851,91.574074,11.574074,11.574074,4.73763129999861,4,0.583764800045173,True
sub-24,125,2,300,20.0,14351,15851,21851,12.777778,-7.222222,7.222222,10.0597978999721,3,0.900876199943013,True
sub-24,126,2,60,80.0,4556,5756,6056,73.333333,-6.666667,6.666667,4.95454030000837,3,0.650059600011445,True
sub-24,127,2,60,80.0,10035,11235,11535,60.555556,-19.444444,19.444444,12.0611721000168,1,0.549680799944326,True
sub-24,128,2,12,60.0,21800,21980,22100,75.648148,15.648148,15.648148,9.44240559998434,3,2.05165639996994,True
sub-24,129,2,60,20.0,11369,11669,12869,13.981481,-6.018519,6.018519,4.43727349996333,4,0.599904200003948,True
sub-24,130,2,60,80.0,17621,18821,19121,65.648148,-14.351852,14.351852,6.02281170000787,3,0.533287100028246,True
sub-24,131,2,60,20.0,3650,3950,5150,11.203704,-8.796296,8.796296,3.43641139997635,2,1.20044919999782,True
sub-24,132,2,60,20.0,10035,10335,11535,35.648148,15.648148,15.648148,5.23870570003055,1,0.449981299985665,True
sub-24,133,2,12,20.0,24970,25030,25270,29.259259,9.259259,9.259259,3.72021900000982,4,0.433078800037037,True
sub-24,134,2,300,20.0,14066,15566,21566,31.851852,11.851852,11.851852,7.25705110002309,2,0.432902899978216,True
sub-24,135,2,300,20.0,19988,21488,27488,81.759259,61.759259,61.759259,7.00680769997416,2,1.56792220001807,True
sub-24,136,2,60,20.0,5494,5794,6994,33.981481,13.981481,13.981481,5.33831320004537,3,0.432721599994692,True
sub-24,137,2,12,60.0,2486,2666,2786,78.796296,18.796296,18.796296,4.87189680000301,4,0.466689999972004,True
sub-24,138,2,300,80.0,10273,16273,17773,29.166667,-50.833333,50.833333,4.72144250001292,3,1.03397540003061,True
sub-24,139,2,300,40.0,18200,21200,25700,42.037037,2.037037,2.037037,7.37370220001321,2,0.650249300000723,True
sub-24,140,2,300,60.0,10273,14773,17773,56.666667,-3.333333,3.333333,13.4630744000314,2,1.1669790999731,True
sub-24,141,2,12,80.0,9950,10190,10250,87.037037,7.037037,7.037037,3.5202272000024,4,0.399108699988573,True
sub-24,142,2,12,60.0,11500,11680,11800,75.37037,15.37037,15.37037,3.87047870003152,4,0.767107199993915,True
sub-24,143,2,12,20.0,11500,11560,11800,7.685185,-12.314815,12.314815,6.77301530004479,4,0.616906600014772,True
sub-24,144,2,12,40.0,13450,13570,13750,70.648148,30.648148,30.648148,4.27065810002386,3,0.466477399982977,True
sub-24,145,2,60,60.0,12596,13496,14096,72.87037,12.87037,12.87037,10.9103520000353,2,0.717018499970436,True
sub-24,146,2,12,20.0,24250,24310,24550,46.203704,26.203704,26.203704,8.40821419999701,3,0.583523200009949,True
sub-24,147,2,12,40.0,23864,23985,24165,30.740741,-9.259259,9.259259,4.80464380001649,3,0.449962799961213,True
sub-24,148,2,300,60.0,18200,22700,25700,67.962963,7.962963,7.962963,7.65813140000682,2,0.432915100012905,True
sub-24,149,2,12,40.0,14329,14449,14629,55.0,15.0,15.0,8.19146390003152,3,0.483326300047338,True
sub-24,150,2,60,80.0,21629,22829,23129,79.351852,-0.648148,0.648148,8.87544149998575,3,1.91839619999518,True
sub-24,151,2,300,40.0,12645,15645,20145,31.203704,-8.796296,8.796296,6.40576180000789,2,0.450001799967139,True
sub-24,152,2,300,40.0,11085,14085,18585,23.240741,-16.759259,16.759259,8.27505359996575,3,0.683526100008748,True
sub-24,153,2,12,20.0,9950,10010,10250,19.62963,-0.37037,0.37037,8.30824699997902,1,0.533453699958045,True
sub-24,154,2,300,60.0,10518,15018,18018,31.574074,-28.425926,28.425926,5.88931970001431,3,0.600706500001251,True
sub-24,155,2,300,60.0,11085,15585,18585,57.777778,-2.222222,2.222222,6.17246380000142,1,0.750241099973209,True
sub-24,156,2,300,40.0,10518,13518,18018,24.814815,-15.185185,15.185185,8.52542810002341,2,1.65107609995175,True
sub-24,157,2,12,60.0,15586,15766,15886,46.574074,-13.425926,13.425926,3.48661670001456,4,0.449831500009167,True
sub-24,158,2,300,40.0,11153,14153,18653,66.111111,26.111111,26.111111,7.09049690002575,3,0.46717289998196,True
sub-24,159,2,12,20.0,16152,16212,16452,27.314815,7.314815,7.314815,4.32100280001759,3,0.499617199995555,True
sub-24,160,2,12,20.0,4600,4660,4900,20.833333,0.833333,0.833333,5.42171810002764,4,0.599531000014394,True
sub-24,161,2,300,80.0,7365,13365,14865,94.907407,14.907407,14.907407,5.37143090000608,4,0.867081800010055,True
sub-24,162,2,60,20.0,22148,22448,23648,27.962963,7.962963,7.962963,6.67362810001941,2,0.616617499967105,True
sub-24,163,2,12,80.0,2486,2726,2786,84.62963,4.62963,4.62963,3.73682290001306,3,1.03452370001468,True
sub-24,164,2,12,40.0,2486,2606,2786,17.592593,-22.407407,22.407407,4.05363510001916,4,0.701020799984689,True
sub-24,165,2,300,60.0,12645,17145,20145,33.333333,-26.666667,26.666667,4.23732369998469,2,0.616470199951436,True
sub-24,166,2,300,20.0,18922,20422,26422,72.962963,52.962963,52.962963,7.49041369999758,1,2.63550849998137,True
sub-24,167,2,12,80.0,29300,29540,29600,88.796296,8.796296,8.796296,5.32155079999938,4,0.600574499985668,True
sub-24,168,2,12,40.0,1602,1722,1902,65.37037,25.37037,25.37037,7.07313760003307,4,0.500510799989569,True
sub-24,169,2,300,40.0,7365,10365,14865,90.0,50.0,50.0,4.43758079997496,4,0.616791400010697,True
sub-24,170,2,300,40.0,17351,20351,24851,61.666667,21.666667,21.666667,5.67186559998663,2,0.499707000039052,True
sub-24,171,2,300,40.0,19988,22988,27488,76.851852,36.851852,36.851852,4.40408569999272,3,0.566768800024874,True
sub-24,172,2,60,40.0,17621,18221,19121,26.296296,-13.703704,13.703704,8.70862750004744,1,0.566199099994264,True
sub-24,173,2,300,40.0,19476,22476,26976,61.574074,21.574074,21.574074,4.68778179999208,2,0.382971799990627,True
sub-24,174,2,60,60.0,15628,16528,17128,37.87037,-22.12963,22.12963,4.6711983999703,2,0.816721900017,True
sub-24,175,2,300,20.0,7365,8865,14865,10.648148,-9.351852,9.351852,8.94223550002789,4,0.41637830005493,True
sub-24,176,2,12,40.0,4600,4720,4900,51.018519,11.018519,11.018519,9.72586530004628,3,0.817536299990024,True
sub-24,177,2,60,80.0,6042,7242,7542,89.351852,9.351852,9.351852,5.22178730001905,4,0.516809900000225,True
sub-24,178,2,12,60.0,29300,29480,29600,80.925926,20.925926,20.925926,4.33757740003056,3,0.599600800022017,True
sub-24,179,2,12,40.0,10400,10520,10700,44.907407,4.907407,4.907407,8.64178330003051,2,0.49989810003899,True
sub-24,180,2,12,60.0,17600,17780,17900,59.722222,-0.277778,0.277778,4.27128399995854,2,0.466602400003466,True
sub-24,181,2,60,80.0,13176,14376,14676,80.277778,0.277778,0.277778,6.52302110003074,2,0.466623599990271,True
sub-24,182,2,300,60.0,21224,25724,28724,91.851852,31.851852,31.851852,4.28686600003857,3,0.415990300010889,True
sub-24,183,2,300,40.0,14066,17066,21566,35.0,-5.0,5.0,7.52431970002362,3,0.516925700008869,True
sub-24,184,2,60,40.0,26923,27523,28423,72.87037,32.87037,32.87037,3.75340020004659,3,0.666815800010226,True
sub-24,185,2,60,20.0,9187,9487,10687,9.722222,-10.277778,10.277778,5.30491149995941,3,0.766489600006025,True
sub-24,186,2,300,20.0,1638,3138,9138,10.185185,-9.814815,9.814815,5.37182190001476,4,0.383118400000967,True
sub-24,187,2,300,80.0,12645,18645,20145,91.203704,11.203704,11.203704,8.62472360004903,4,0.850671299966052,True
sub-24,188,2,300,20.0,17351,18851,24851,73.611111,53.611111,53.611111,5.42174040002282,2,1.50135630002478,True
sub-24,189,2,300,60.0,5739,10239,13239,30.37037,-29.62963,29.62963,6.12269689998356,2,0.48296560003655,True
sub-24,190,2,60,80.0,13942,15142,15442,86.018519,6.018519,6.018519,2.81913070002337,3,0.716682600032072,True
sub-24,191,2,300,80.0,18922,24922,26422,84.814815,4.814815,4.814815,6.02303109999047,4,0.733429200015962,True
sub-24,192,2,300,80.0,11153,17153,18653,41.018519,-38.981481,38.981481,6.872681799985,2,1.00037880003219,True
sub-24,193,2,300,60.0,19476,23976,26976,78.148148,18.148148,18.148148,6.89014360000146,1,0.648898099956568,True
sub-24,194,2,300,60.0,7365,11865,14865,29.351852,-30.648148,30.648148,5.68888420000439,2,1.41741840000031,True
sub-24,195,2,60,60.0,13176,14076,14676,73.796296,13.796296,13.796296,5.35468670004047,3,0.399723899958189,True
sub-24,196,2,12,60.0,16152,16332,16452,83.611111,23.611111,23.611111,4.73791900003561,3,0.516462100029457,True
sub-24,197,2,300,80.0,19476,25476,26976,90.648148,10.648148,10.648148,4.62112159997923,4,0.483110500033944,True
sub-24,198,2,300,80.0,14066,20066,21566,64.166667,-15.833333,15.833333,7.84094530000584,4,0.666627499973401,True
sub-24,199,2,60,60.0,23865,24765,25365,59.722222,-0.277778,0.277778,7.79105399997206,3,0.483416700037196,True
sub-24,200,2,300,60.0,13557,18057,21057,35.925926,-24.074074,24.074074,4.45429020002484,2,0.666914400004316,True
sub-24,201,3,12,20.0,1602,1662,1902,19.814815,-0.185185,0.185185,6.40273440000601,3,1.45124369999393,True
sub-24,202,3,300,20.0,11153,12653,18653,26.481481,6.481481,6.481481,7.1567258000141,3,0.366827899997588,True
sub-24,203,3,12,20.0,10400,10460,10700,13.055556,-6.944444,6.944444,3.88697089999914,4,0.600250600022263,True
sub-24,204,3,300,80.0,20069,26069,27569,65.462963,-14.537037,14.537037,7.18993320001754,2,0.433616800000891,True
sub-24,205,3,12,80.0,16152,16392,16452,90.925926,10.925926,10.925926,4.03716389997862,3,0.899951700004749,True
sub-24,206,3,60,20.0,2714,3014,4214,67.777778,47.777778,47.777778,6.22261719999369,4,0.883567499986384,True
sub-24,207,3,60,20.0,20386,20686,21886,28.611111,8.611111,8.611111,4.95562239998253,3,0.599727799999527,True
sub-24,208,3,60,20.0,23865,24165,25365,41.481481,21.481481,21.481481,5.7390449999948,2,0.667107000015676,True
sub-24,209,3,12,80.0,21800,22040,22100,93.425926,13.425926,13.425926,2.68583329999819,4,0.549873700016178,True
sub-24,210,3,60,60.0,19722,20622,21222,60.740741,0.740741,0.740741,4.45432530000107,3,1.08369140001013,True
sub-24,211,3,60,40.0,22148,22748,23648,72.962963,32.962963,32.962963,4.00376489997142,3,1.06728940003085,True
sub-24,212,3,12,20.0,15586,15646,15886,32.037037,12.037037,12.037037,4.0541941000265,4,0.566730400023516,True
sub-24,213,3,300,80.0,11085,17085,18585,54.62963,-25.37037,25.37037,10.1095391000271,2,0.717059299990069,True
sub-24,214,3,60,40.0,15628,16228,17128,64.62963,24.62963,24.62963,7.90841789997648,3,4.87081370002124,True
sub-24,215,3,12,20.0,27281,27341,27581,56.388889,36.388889,36.388889,12.2784257999737,3,0.499850199965294,True
sub-24,216,3,300,40.0,13458,16458,20958,17.592593,-22.407407,22.407407,6.42269599996507,4,0.499933700019028,True
sub-24,217,3,12,40.0,11500,11620,11800,31.944444,-8.055556,8.055556,3.68755129998317,4,0.650422900042031,True
sub-24,218,3,300,20.0,2522,4022,10022,46.759259,26.759259,26.759259,6.27319340000394,2,0.56682260002708,True
sub-24,219,3,12,60.0,10400,10580,10700,68.611111,8.611111,8.611111,3.73671169998124,2,0.783559500006958,True
sub-24,220,3,12,60.0,2393,2573,2693,30.462963,-29.537037,29.537037,4.53759790002368,3,0.516516799980308,True
sub-24,221,3,300,20.0,10273,11773,17773,25.185185,5.185185,5.185185,4.72102950001135,2,0.450298199953977,True
sub-24,222,3,60,40.0,13176,13776,14676,29.537037,-10.462963,10.462963,5.83852050005225,3,1.21716540004126,True
sub-24,223,3,12,60.0,13450,13630,13750,53.611111,-6.388889,6.388889,4.67082290002144,4,0.467127999989315,True
sub-24,224,3,12,20.0,25820,25880,26120,29.444444,9.444444,9.444444,6.12245279998751,1,0.750470799976028,True
sub-24,225,3,60,40.0,2714,3314,4214,87.12963,47.12963,47.12963,2.719435099978,4,0.750272599980235,True
sub-24,226,3,12,40.0,16152,16272,16452,51.481481,11.481481,11.481481,7.27359569998225,3,0.700073699990753,True
sub-24,227,3,60,80.0,23865,25065,25365,51.851852,-28.148148,28.148148,9.74239410000154,2,0.499809000000823,True
sub-24,228,3,12,40.0,12500,12620,12800,72.037037,32.037037,32.037037,7.85691420000512,4,1.6844734000042,True
sub-24,229,3,300,40.0,9381,12381,16881,90.092593,50.092593,50.092593,12.8956227999879,3,0.983730299980379,True
sub-24,230,3,12,40.0,27281,27401,27581,71.481481,31.481481,31.481481,4.50453239999478,4,0.416991900012362,True
sub-24,231,3,12,80.0,6414,6654,6714,88.888889,8.888889,8.888889,2.4526435000007,4,0.599615400016773,True
sub-24,232,3,300,60.0,9381,13881,16881,36.203704,-23.796296,23.796296,5.42217480001272,2,0.533404899993911,True
sub-24,233,3,300,40.0,10273,13273,17773,42.407407,2.407407,2.407407,5.77258669998263,1,0.550306599994655,True
sub-24,234,3,300,20.0,20069,21569,27569,63.055556,43.055556,43.055556,4.77137610001955,3,0.500050799979362,True
sub-24,235,3,60,40.0,1414,2014,2914,78.333333,38.333333,38.333333,6.03980450000381,3,0.466595800011418,True
sub-24,236,3,12,20.0,3739,3799,4039,23.425926,3.425926,3.425926,4.53781319997506,4,0.699941800034139,True
sub-24,237,3,12,20.0,29300,29360,29600,63.703704,43.703704,43.703704,4.12078040000051,4,0.850556100020185,True
sub-24,238,3,60,20.0,13176,13476,14676,9.259259,-10.740741,10.740741,4.15380520001053,4,1.6341161999735,True
sub-24,239,3,12,80.0,12500,12740,12800,90.740741,10.740741,10.740741,12.8126614000066,4,0.884002700040582,True
sub-24,240,3,300,60.0,13458,17958,20958,25.462963,-34.537037,34.537037,4.73751020000781,2,0.85034949996043,True
sub-24,241,3,300,60.0,17351,21851,24851,39.074074,-20.925926,20.925926,5.85579030000371,1,0.499622399976942,True
sub-24,242,3,60,40.0,14390,14990,15890,69.351852,29.351852,29.351852,6.95673149998765,3,0.716810199955944,True
sub-24,243,3,300,80.0,5739,11739,13239,10.740741,-69.259259,69.259259,3.80367220001062,4,0.850140499998815,True
sub-24,244,3,12,80.0,3739,3979,4039,90.277778,10.277778,10.277778,2.88564089999999,4,0.516481300001032,True
sub-24,245,3,12,60.0,1602,1782,1902,80.185185,20.185185,20.185185,3.93739779997849,4,0.699750500032678,True
sub-24,246,3,12,80.0,15162,15402,15462,69.074074,-10.925926,10.925926,4.72111690003657,4,1.01739160000579,True
sub-24,247,3,60,40.0,13942,14542,15442,23.425926,-16.574074,16.574074,3.07009319995995,3,0.566359099990222,True
sub-24,248,3,60,40.0,16451,17051,17951,32.87037,-7.12963,7.12963,5.45529160002479,2,0.567116699996404,True
sub-24,249,3,12,80.0,15586,15826,15886,76.111111,-3.888889,3.888889,3.32027450000168,4,0.633885700022801,True
sub-24,250,3,60,40.0,6042,6642,7542,52.037037,12.037037,12.037037,2.81954739999491,2,0.783852500026114,True
sub-24,251,3,12,40.0,3739,3859,4039,44.814815,4.814815,4.814815,3.35330190003151,3,0.433142099995166,True
sub-24,252,3,60,40.0,20386,20986,21886,65.185185,25.185185,25.185185,4.75479640002595,4,0.483351000002585,True
sub-24,253,3,60,80.0,19722,20922,21222,77.685185,-2.314815,2.314815,5.03795839997474,4,0.549741499999072,True
sub-24,254,3,60,60.0,11369,12269,12869,56.759259,-3.240741,3.240741,6.80650419997982,1,0.633154400042258,True
sub-24,255,3,300,80.0,1638,7638,9138,64.907407,-15.092593,15.092593,5.98902480001561,2,0.633707000000868,True
sub-24,256,3,12,20.0,2486,2546,2786,10.555556,-9.444444,9.444444,3.00245080003514,4,0.533360500005073,True
sub-24,257,3,300,20.0,9381,10881,16881,22.777778,2.777778,2.777778,4.98783240001648,3,0.800587599980644,True
sub-24,258,3,60,80.0,5494,6694,6994,77.12963,-2.87037,2.87037,4.67142689996399,3,1.15044639998814,True
sub-24,259,3,12,40.0,24250,24370,24550,82.222222,42.222222,42.222222,4.22045970003819,3,0.61631930002477,True
sub-24,260,3,12,60.0,4600,4780,4900,74.074074,14.074074,14.074074,6.08954860002268,3,2.20190260000526,True
sub-24,261,3,60,40.0,3650,4250,5150,35.277778,-4.722222,4.722222,4.02039060002425,3,0.666599399992264,True
sub-24,262,3,300,60.0,1638,6138,9138,37.407407,-22.592593,22.592593,5.23860879999119,2,0.53343870001845,True
sub-24,263,3,60,80.0,2714,3914,4214,78.333333,-1.666667,1.666667,4.68756269995356,3,0.78363130002981,True
sub-24,264,3,300,80.0,16327,22327,23827,89.074074,9.074074,9.074074,6.65619870001683,2,1.26709719997597,True
sub-24,265,3,12,40.0,21800,21920,22100,66.666667,26.666667,26.666667,12.428527800017,3,0.599802599987015,True
sub-24,266,3,60,20.0,26923,27223,28423,63.333333,43.333333,43.333333,5.18855129997246,3,0.767100500001106,True
sub-24,267,3,300,60.0,16327,20827,23827,74.814815,14.814815,14.814815,4.40433559997472,2,0.617094799992628,True
sub-24,268,3,60,40.0,28296,28896,29796,37.685185,-2.314815,2.314815,4.90476980002131,2,0.716326599998865,True
sub-24,269,3,300,60.0,22736,27236,30236,29.259259,-30.740741,30.740741,6.77327720000175,2,0.683096900000236,True
sub-24,270,3,60,80.0,12596,13796,14096,77.685185,-2.314815,2.314815,6.25614959996892,3,0.499568400031421,True
sub-24,271,3,12,40.0,17600,17720,17900,90.555556,50.555556,50.555556,7.17424109997227,4,0.516860200033988,True
sub-24,272,3,60,40.0,23865,24465,25365,69.259259,29.259259,29.259259,5.70631450001383,3,0.516660100023727,True
sub-24,273,3,12,60.0,23864,24045,24165,39.537037,-20.462963,20.462963,3.53673440002603,2,0.582920100016053,True
sub-24,274,3,12,80.0,1602,1842,1902,64.722222,-15.277778,15.277778,3.15244109998457,4,1.0168467000476,True
sub-24,275,3,60,60.0,10035,10935,11535,6.111111,-53.888889,53.888889,6.67328160000033,4,0.850538900005631,True
sub-24,276,3,12,20.0,23864,23925,24165,30.277778,10.277778,10.277778,3.90389880002476,4,0.449904999986756,True
sub-24,277,3,12,60.0,27281,27461,27581,75.185185,15.185185,15.185185,4.62080470001092,3,0.483189699996728,True
sub-24,278,3,300,60.0,18922,23422,26422,59.907407,-0.092593,0.092593,4.37116710003465,1,0.466751100029796,True
sub-24,279,3,60,60.0,28296,29196,29796,41.666667,-18.333333,18.333333,7.62446369999088,1,1.31740020000142,True
sub-24,280,3,300,20.0,11085,12585,18585,27.12963,7.12963,7.12963,6.63967740000225,3,0.483071100024972,True
sub-24,281,3,60,40.0,25202,25802,26702,54.074074,14.074074,14.074074,6.82364320004126,2,0.466310499992687,True
sub-24,282,3,60,80.0,3650,4850,5150,31.203704,-48.796296,48.796296,7.09068449999904,2,0.49963660002686,True
sub-24,283,3,60,60.0,16451,17351,17951,43.888889,-16.111111,16.111111,6.17292809998616,2,0.549353900016285,True
sub-24,284,3,12,40.0,25820,25940,26120,35.925926,-4.074074,4.074074,3.35349110001698,3,0.650493900000583,True
sub-24,285,3,60,60.0,20386,21286,21886,73.703704,13.703704,13.703704,4.08738929999526,3,0.432885999965947,True
sub-24,286,3,300,80.0,16072,22072,23572,67.222222,-12.777778,12.777778,5.35498779994668,3,0.650527799967676,True
sub-24,287,3,300,40.0,20069,23069,27569,60.740741,20.740741,20.740741,5.32196269999258,2,0.466506999975536,True
sub-24,288,3,300,40.0,18922,21922,26422,35.0,-5.0,5.0,4.60449399997014,1,0.733501900045666,True
sub-24,289,3,12,60.0,21273,21453,21573,26.666667,-33.333333,33.333333,2.76891329995123,4,0.750441299984231,True
sub-24,290,3,300,40.0,22736,25736,30236,38.518519,-1.481481,1.481481,5.05445820000022,1,1.21757010003784,True
sub-24,291,3,60,80.0,11369,12569,12869,81.481481,1.481481,1.481481,5.48915150004904,2,0.683787199959624,True
sub-24,292,3,300,60.0,20069,24569,27569,67.685185,7.685185,7.685185,4.95449610002106,4,0.78333260002546,True
sub-24,293,3,12,40.0,29300,29420,29600,49.351852,9.351852,9.351852,3.23677289998158,3,0.466890899988357,True
sub-24,294,3,300,20.0,12645,14145,20145,29.259259,9.259259,9.259259,3.43708020000485,4,0.733475500019267,True
sub-24,295,3,12,60.0,12500,12680,12800,17.12963,-42.87037,42.87037,5.97291359998052,3,0.567059099965263,True
sub-24,296,3,60,80.0,28296,29496,29796,77.037037,-2.962963,2.962963,12.2954153000027,2,0.650096600002143,True
sub-24,297,3,12,20.0,2393,2453,2693,21.296296,1.296296,1.296296,5.65537360002053,3,0.433884099998977,True
sub-24,298,3,300,20.0,1960,3460,9460,28.518519,8.518519,8.518519,3.21964019996812,2,0.616184399987105,True
sub-24,299,3,300,80.0,2522,8522,10022,37.12963,-42.87037,42.87037,3.53679330000886,2,0.449999300006311,True
sub-24,300,3,12,20.0,21273,21333,21573,5.277778,-14.722222,14.722222,3.38590490003116,4,1.36750510003184,True
