subject,group,temporal_location(%),μ,σ,g
sub-01,fMRI,20,10.29224785,11.14945189,0.002010893
sub-01,fMRI,40,5.620990671,12.76431495,0.002281028
sub-01,fMRI,60,-3.753225016,12.43319341,4.86607E-05
sub-01,fMRI,80,-10.31182139,11.92837326,0.001210203
sub-02,fMRI,20,20.5944747,16.77772086,0.001636543
sub-02,fMRI,40,8.447839375,13.39100372,0.001894551
sub-02,fMRI,60,1.268930282,12.52851479,0.004686143
sub-02,fMRI,80,-9.580325276,11.53594909,0.000666151
sub-04,fMRI,20,14.60381623,18.41201337,0.000909005
sub-04,fMRI,40,10.88522089,16.2717013,0.000506715
sub-04,fMRI,60,-0.72909174,14.84553342,0.001414839
sub-04,fMRI,80,-2.148273307,7.453781692,0.110834974
sub-05,fMRI,20,18.23117097,20.66722503,0.000875158
sub-05,fMRI,40,11.0626095,19.29835209,0.002369275
sub-05,fMRI,60,-0.637442059,19.16806239,0.001905084
sub-05,fMRI,80,-5.409687994,15.7725908,0.003878011
sub-08,fMRI,20,15.50194025,15.4479276,0.001293896
sub-08,fMRI,40,12.48914127,14.50099134,0.000342471
sub-08,fMRI,60,0.846160305,10.85337812,0.001976588
sub-08,fMRI,80,-7.471341164,5.283648826,0.064346216
sub-09,fMRI,20,21.5710468,26.42930145,0.001387324
sub-09,fMRI,40,10.48368458,22.45503579,0.001520431
sub-09,fMRI,60,-8.314113803,22.96405393,0.000631175
sub-09,fMRI,80,-11.79422842,21.74545128,0.001765161
sub-10,fMRI,20,16.01177483,18.79626603,6.85686E-06
sub-10,fMRI,40,8.940594693,16.76208563,0.000829462
sub-10,fMRI,60,-1.267919273,14.30394134,0.000397373
sub-10,fMRI,80,-11.26244673,17.53125339,0.001873371
sub-11,fMRI,20,14.08642357,9.374394464,0.000386562
sub-11,fMRI,40,5.524210342,10.32866232,1.55575E-05
sub-11,fMRI,60,-3.915658182,10.38988323,0.000672362
sub-11,fMRI,80,-15.25452092,11.43029909,0.002359915
sub-14,fMRI,20,16.43373667,15.01468803,0.000527226
sub-14,fMRI,40,4.811325482,14.30696615,0.000626884
sub-14,fMRI,60,-3.267285487,14.65504634,0.000289512
sub-14,fMRI,80,-6.058176454,5.603588192,0.200492283
sub-15,fMRI,20,-3.866084067,7.266236037,0.373125767
sub-15,fMRI,40,7.192656529,23.06513446,0.000129725
sub-15,fMRI,60,2.598943036,19.20186527,0.00058189
sub-15,fMRI,80,5.456771147,5.956341539,0.243643245
sub-17,fMRI,20,8.923993878,16.26478115,0.018725475
sub-17,fMRI,40,4.975146405,16.23880997,0.000255791
sub-17,fMRI,60,-0.710772305,16.21804174,0.000605448
sub-17,fMRI,80,-0.227876695,7.093108062,0.219198209
sub-18,fMRI,20,16.5312514,15.75267664,0.00024881
sub-18,fMRI,40,7.980414877,15.38231889,0.000620556
sub-18,fMRI,60,-1.597899869,15.29469492,0.001225638
sub-18,fMRI,80,-4.638366372,6.776755266,0.099454514
sub-19,fMRI,20,0.469397226,5.062977786,0.326103422
sub-19,fMRI,40,6.929677238,21.56564085,0.005225207
sub-19,fMRI,60,2.746085919,18.9865577,0.001337783
sub-19,fMRI,80,0.709087214,7.757500346,0.252476316
sub-20,fMRI,20,18.69587654,14.57731182,0.002649341
sub-20,fMRI,40,5.226008165,12.69874309,0.001214845
sub-20,fMRI,60,-3.962441302,13.57593391,0.0021356
sub-20,fMRI,80,-16.68050233,15.61728367,0.001397451
sub-21,fMRI,20,10.52979874,13.81290456,0.000445155
sub-21,fMRI,40,3.159023598,15.97729496,0.000341749
sub-21,fMRI,60,-5.736765298,17.40553846,1.75187E-05
sub-21,fMRI,80,-10.08574104,16.92508756,0.001033602
sub-22,fMRI,20,15.96329676,13.47045582,0.001477551
sub-22,fMRI,40,7.45520925,10.11633565,0.000735997
sub-22,fMRI,60,-4.147737133,10.6445799,0.000244414
sub-22,fMRI,80,-12.93872854,11.38085718,0.001232783
sub-01,replication,20,-0.033040702,7.993608615,0.19605573
sub-01,replication,40,2.306300211,20.54303245,0.000231082
sub-01,replication,60,3.300519213,21.39540611,0.003004635
sub-01,replication,80,3.52594057,8.282378485,0.264896915
sub-02,replication,20,11.34829826,8.067279665,0.001088068
sub-02,replication,40,3.881479488,10.27233376,0.000165218
sub-02,replication,60,-6.382673055,9.56932643,0.001259876
sub-02,replication,80,-13.53557917,11.71698379,9.77312E-05
sub-03,replication,20,18.80374421,9.247291546,0.00095271
sub-03,replication,40,9.31031701,9.492760737,0.001040333
sub-03,replication,60,-1.524942381,8.863660003,1.59792E-05
sub-03,replication,80,-10.30855212,7.509549637,0.000344028
sub-04,replication,20,13.44285252,13.34595602,0.003131665
sub-04,replication,40,9.225128192,11.6342576,0.00177296
sub-04,replication,60,-3.165030752,13.05789534,0.000635836
sub-04,replication,80,-9.985159328,11.9425128,0.001234438
sub-05,replication,20,9.511319863,12.60467347,0.000223081
sub-05,replication,40,6.064459184,12.54215637,0.002745404
sub-05,replication,60,-3.2068674,11.25502977,0.000256028
sub-05,replication,80,-8.884546413,10.62005875,0.01506263
sub-06,replication,20,20.37553725,13.01384569,0.000736126
sub-06,replication,40,9.37914676,9.149844301,7.13323E-06
sub-06,replication,60,-3.168342049,9.442222972,0.001095229
sub-06,replication,80,-12.49258814,10.66175069,0.00115495
sub-07,replication,20,17.36089313,10.51066467,0.000907431
sub-07,replication,40,9.918980256,10.03044494,0.000378257
sub-07,replication,60,-1.645171038,8.585074052,0.000281654
sub-07,replication,80,-9.71181368,10.28627078,0.001167145
sub-08,replication,20,13.45234533,13.53588925,0.000229324
sub-08,replication,40,4.300489244,12.58255798,0.000995181
sub-08,replication,60,-3.423130048,12.09115884,0.000154861
sub-08,replication,80,-12.36229958,11.98086101,0.000870607
sub-09,replication,20,11.6391284,10.96801668,0.000460538
sub-09,replication,40,6.027975814,13.36757603,0.002321278
sub-09,replication,60,-3.477834558,13.07257448,0.002319859
sub-09,replication,80,-8.462245337,10.68082907,0.038406507
sub-10,replication,20,12.47994601,12.88112028,0.000368098
sub-10,replication,40,7.696319771,11.65713579,0.00233578
sub-10,replication,60,-3.511606616,9.854942762,0.000361469
sub-10,replication,80,-12.58280644,13.18305293,0.002030906
sub-11,replication,20,17.86331418,12.8007779,0.001508051
sub-11,replication,40,8.864153256,11.95284971,0.000103132
sub-11,replication,60,-1.531926701,9.991439443,0.000303142
sub-11,replication,80,-5.984690389,7.169633321,4.11074E-05
sub-12,replication,20,15.82700128,13.47534746,0.000880455
sub-12,replication,40,9.776954811,11.17657385,5.02707E-05
sub-12,replication,60,-1.587121843,10.99508361,0.000846863
sub-12,replication,80,-8.952086807,10.39418708,0.000572726
sub-13,replication,20,14.35638276,15.13799192,0.00251194
sub-13,replication,40,8.251885727,13.96800138,0.001770599
sub-13,replication,60,-4.125236598,11.45298802,0.001185074
sub-13,replication,80,-8.429978271,10.94133243,0.063986173
sub-14,replication,20,14.73706287,11.59499823,0.001498752
sub-14,replication,40,7.830904305,12.27262344,0.00045518
sub-14,replication,60,-2.365074086,10.79976457,0.000510305
sub-14,replication,80,-11.60007018,10.46476091,8.37297E-05
sub-15,replication,20,17.83996611,13.62416559,0.000662855
sub-15,replication,40,8.249859705,10.62403004,0.000684088
sub-15,replication,60,-2.375942879,10.67875403,0.000279723
sub-15,replication,80,-16.38183189,13.83253077,0.000227329
sub-16,replication,20,15.36028574,10.41618884,0.062662588
sub-16,replication,40,9.504845581,10.54016477,0.000877211
sub-16,replication,60,-1.631286598,9.967866021,0.002153599
sub-16,replication,80,-8.752455438,11.65101038,0.001430661
sub-17,replication,20,18.7479928,7.488782871,0.000458693
sub-17,replication,40,7.892825056,6.095442224,0.001979057
sub-17,replication,60,-5.591196309,5.421375762,0.018326467
sub-17,replication,80,-14.32551799,8.55404134,0.001152644
sub-18,replication,20,-3.014831835,8.519478506,0.36924131
sub-18,replication,40,8.71207244,24.75905341,0.003052294
sub-18,replication,60,-0.74389843,24.19139055,0.001044217
sub-18,replication,80,3.178886922,7.617494217,0.388461999
sub-19,replication,20,16.13363438,11.61769602,6.04559E-05
sub-19,replication,40,6.567130283,11.88172762,3.64265E-05
sub-19,replication,60,-0.953834113,10.30376072,0.000104704
sub-19,replication,80,-12.15580677,10.66826227,0.000248317
sub-20,replication,20,10.93206616,12.15189173,0.000174151
sub-20,replication,40,4.719288288,11.26515864,0.001599249
sub-20,replication,60,-3.091424537,13.86386654,0.003118882
sub-20,replication,80,-7.817994553,10.37400315,0.001323847
sub-21,replication,20,14.84677354,12.1149578,0.004216174
sub-21,replication,40,9.892000631,14.00081341,0.000596078
sub-21,replication,60,-2.520614474,15.11238285,0.0001359
sub-21,replication,80,-11.2269654,13.60399078,0.001601521
sub-22,replication,20,12.33020668,16.20509816,0.000265148
sub-22,replication,40,10.64245046,17.3521684,2.48745E-05
sub-22,replication,60,0.888034134,16.74805905,0.001090132
sub-22,replication,80,-2.870301958,11.073557,7.31323E-05
sub-23,replication,20,15.07429452,12.48394443,0.000563896
sub-23,replication,40,7.583708558,10.89781059,3.28911E-05
sub-23,replication,60,-2.532646609,10.24075578,0.000894311
sub-23,replication,80,-11.86687216,12.08759354,0.000100942
sub-24,replication,20,11.1417948,17.95070581,0.002353467
sub-24,replication,40,11.18969645,17.88482098,0.00041226
sub-24,replication,60,-1.061559836,16.78372847,0.001445793
sub-24,replication,80,0.338044017,9.025678128,0.200511392
sub-25,replication,20,16.5062187,12.7317477,0.001280352
sub-25,replication,40,5.575764356,12.23562431,0.003052297
sub-25,replication,60,-4.223626112,11.11228853,0.000280022
sub-25,replication,80,-14.25516952,13.28283658,0.000585902
sub-26,replication,20,14.03084309,14.96046708,0.003206374
sub-26,replication,40,8.701241442,14.46855181,0.000542126
sub-26,replication,60,-2.284071007,13.58106187,0.000123822
sub-26,replication,80,-9.406691817,12.7457626,0.00031458
sub-27,replication,20,21.70927856,14.34086304,0.001063763
sub-27,replication,40,8.276385582,12.48177512,0.000445738
sub-27,replication,60,-6.859259507,11.85914951,0.000989337
sub-27,replication,80,-15.79634866,11.88835718,0.000260134
sub-28,replication,20,12.76248811,11.73315267,9.70812E-05
sub-28,replication,40,8.355460779,12.2072124,0.002676752
sub-28,replication,60,-2.73118578,10.94512678,0.000944156
sub-28,replication,80,-9.451405056,13.74424305,0.000421546
sub-29,replication,20,11.5322883,15.86920328,6.46906E-06
sub-29,replication,40,9.162366068,17.95030358,1.63686E-05
sub-29,replication,60,0.493930055,16.1741248,0.000826304
sub-29,replication,80,-0.027852244,5.376460761,0.226482229
sub-30,replication,20,14.88830018,11.88245774,0.044779884
sub-30,replication,40,7.017675894,12.63825634,0.001583959
sub-30,replication,60,-2.984918277,14.38818033,0.002200958
sub-30,replication,80,-8.182851926,14.21238166,0.005957219
sub-01,control,20,10.27941733,0.000375503,14.43532184
sub-01,control,40,1.951831006,0.001081139,17.00011521
sub-01,control,60,-12.09274476,0.001209074,15.26332488
sub-01,control,80,-13.01204667,0.000990478,17.3683371
sub-02,control,20,12.75854126,0.002514326,15.07902477
sub-02,control,40,7.799047306,0.000191867,12.94634121
sub-02,control,60,-4.955255347,0.003322515,12.18306383
sub-02,control,80,-12.47519867,0.001261398,14.46446611
sub-03,control,20,12.96207,12.35372,0.000932398
sub-03,control,40,5.191739,11.01496,2.69649E-05
sub-03,control,60,-3.61422,10.55341,0.000600484
sub-03,control,80,-10.7131,12.68431,0.000443716
sub-04,control,20,16.27839014,3.43068E-05,13.66502062
sub-04,control,40,7.653489084,0.000156894,13.77270696
sub-04,control,60,-3.440155145,0.00026139,11.66860243
sub-04,control,80,-11.38506272,0.001831337,12.5215715
sub-05,control,20,12.47691436,0.008877297,19.95836759
sub-05,control,40,5.886359479,0.003684985,17.88985305
sub-05,control,60,-4.808832111,0.000400143,18.98228316
sub-05,control,80,-9.541191512,3.41275E-05,16.54923931
sub-06,control,20,13.92327489,0.001956888,13.89847373
sub-06,control,40,2.320284421,0.001012181,12.63796546
sub-06,control,60,-8.891736833,0.000986593,14.92396518
sub-06,control,80,-16.63300307,0.00049107,15.67360077
sub-07,control,20,14.68187676,0.001066944,15.01838386
sub-07,control,40,7.078695991,6.31047E-05,12.74444469
sub-07,control,60,-3.86142137,0.000176739,13.55629741
sub-07,control,80,-11.73320636,0.000127015,13.72114544
sub-08,control,20,16.84182461,2.88103E-05,18.45696156
sub-08,control,40,7.257419238,0.002450993,15.97747062
sub-08,control,60,-6.556350205,0.003299793,17.41682535
sub-08,control,80,-9.51058663,0.001940583,13.04932143
sub-09,control,20,14.81678587,0.004743107,19.07497356
sub-09,control,40,5.618665159,0.002662648,14.14418011
sub-09,control,60,-1.838763513,0.000911955,14.62506849
sub-09,control,80,-9.590175373,0.002124709,14.46495174
