subject,run,trial,interval_width,temporal_location(%),start_frame,target_frame,end_frame,reported_location(%),signed_error,absolute_error,confidence
sub-09,1,1,60,60.0,9187,10087,10687,73.203125,13.203125,13.203125,1
sub-09,1,2,300,60.0,16327,20827,23827,26.328125,-33.671875,33.671875,3
sub-09,1,3,60,80.0,15628,16828,17128,73.515625,-6.484375,6.484375,3
sub-09,1,4,60,20.0,9187,9487,10687,53.359375,33.359375,33.359375,2
sub-09,1,5,300,60.0,14066,18566,21566,82.109375,22.109375,22.109375,2
sub-09,1,6,12,20.0,15162,15222,15462,50.0,30.0,30.0,3
sub-09,1,7,60,80.0,28296,29496,29796,67.890625,-12.109375,12.109375,3
sub-09,1,8,300,40.0,18200,21200,25700,24.6875,-15.3125,15.3125,3
sub-09,1,9,12,80.0,21800,22040,22100,100.0,20.0,20.0,4
sub-09,1,10,300,40.0,13557,16557,21057,76.015625,36.015625,36.015625,3
sub-09,1,11,300,80.0,13557,19557,21057,67.734375,-12.265625,12.265625,1
sub-09,1,12,60,80.0,11369,12569,12869,88.046875,8.046875,8.046875,3
sub-09,1,13,300,80.0,21224,27224,28724,59.6875,-20.3125,20.3125,2
sub-09,1,14,300,20.0,18922,20422,26422,50.0,30.0,30.0,1
sub-09,1,15,12,20.0,25820,25880,26120,14.921875,-5.078125,5.078125,3
sub-09,1,16,12,40.0,11565,11685,11865,3.203125,-36.796875,36.796875,3
sub-09,1,17,12,20.0,16152,16212,16452,8.046875,-11.953125,11.953125,3
sub-09,1,18,300,20.0,10273,11773,17773,75.9375,55.9375,55.9375,3
sub-09,1,19,12,20.0,4600,4660,4900,7.65625,-12.34375,12.34375,4
sub-09,1,20,12,80.0,16152,16392,16452,100.0,20.0,20.0,4
sub-09,1,21,300,40.0,16327,19327,23827,50.0,10.0,10.0,1
sub-09,1,22,60,20.0,25202,25502,26702,19.84375,-0.15625,0.15625,3
sub-09,1,23,12,40.0,15162,15282,15462,21.171875,-18.828125,18.828125,2
sub-09,1,24,60,80.0,4556,5756,6056,74.53125,-5.46875,5.46875,3
sub-09,1,25,12,80.0,14329,14569,14629,66.640625,-13.359375,13.359375,2
sub-09,1,26,300,40.0,20069,23069,27569,50.0,10.0,10.0,1
sub-09,1,27,60,20.0,21153,21453,22653,27.421875,7.421875,7.421875,2
sub-09,1,28,60,60.0,17621,18521,19121,50.0,-10.0,10.0,1
sub-09,1,29,60,80.0,16451,17651,17951,75.625,-4.375,4.375,2
sub-09,1,30,60,40.0,21153,21753,22653,48.203125,8.203125,8.203125,1
sub-09,1,31,60,40.0,28296,28896,29796,36.015625,-3.984375,3.984375,1
sub-09,1,32,12,20.0,15586,15646,15886,0.0,-20.0,20.0,4
sub-09,1,33,60,60.0,10035,10935,11535,72.421875,12.421875,12.421875,3
sub-09,1,34,300,40.0,10273,13273,17773,50.0,10.0,10.0,1
sub-09,1,35,300,20.0,14351,15851,21851,50.0,30.0,30.0,1
sub-09,1,36,60,60.0,21153,22053,22653,30.46875,-29.53125,29.53125,2
sub-09,1,37,60,40.0,15628,16228,17128,50.0,10.0,10.0,1
sub-09,1,38,60,40.0,9187,9787,10687,24.921875,-15.078125,15.078125,3
sub-09,1,39,12,20.0,12500,12560,12800,96.5625,76.5625,76.5625,4
sub-09,1,40,300,20.0,10518,12018,18018,50.0,30.0,30.0,2
sub-09,1,41,12,60.0,4600,4780,4900,12.34375,-47.65625,47.65625,3
sub-09,1,42,12,20.0,13450,13510,13750,32.578125,12.578125,12.578125,3
sub-09,1,43,12,80.0,25820,26060,26120,13.515625,-66.484375,66.484375,3
sub-09,1,44,60,20.0,28296,28596,29796,17.8125,-2.1875,2.1875,3
sub-09,1,45,12,60.0,2486,2666,2786,84.609375,24.609375,24.609375,4
sub-09,1,46,60,80.0,13176,14376,14676,76.328125,-3.671875,3.671875,3
sub-09,1,47,12,60.0,21800,21980,22100,76.328125,16.328125,16.328125,3
sub-09,1,48,300,60.0,9381,13881,16881,49.375,-10.625,10.625,1
sub-09,1,49,300,80.0,10273,16273,17773,32.109375,-47.890625,47.890625,2
sub-09,1,50,300,20.0,13557,15057,21057,24.53125,4.53125,4.53125,2
sub-09,1,51,12,60.0,13450,13630,13750,32.34375,-27.65625,27.65625,2
sub-09,1,52,12,20.0,27281,27341,27581,50.0,30.0,30.0,1
sub-09,1,53,300,20.0,1960,3460,9460,38.671875,18.671875,18.671875,2
sub-09,1,54,300,80.0,18200,24200,25700,35.078125,-44.921875,44.921875,3
sub-09,1,55,60,80.0,9187,10387,10687,50.0,-30.0,30.0,1
sub-09,1,56,300,80.0,1960,7960,9460,50.0,-30.0,30.0,1
sub-09,1,57,300,80.0,10518,16518,18018,41.25,-38.75,38.75,1
sub-09,1,58,60,20.0,1414,1714,2914,32.109375,12.109375,12.109375,3
sub-09,1,59,300,60.0,12645,17145,20145,31.5625,-28.4375,28.4375,2
sub-09,1,60,300,20.0,21224,22724,28724,40.859375,20.859375,20.859375,2
sub-09,2,61,300,20.0,11085,12585,18585,50.0,30.0,30.0,1
sub-09,2,62,60,80.0,25895,27095,27395,67.65625,-12.34375,12.34375,3
sub-09,2,63,12,60.0,25820,26000,26120,39.21875,-20.78125,20.78125,1
sub-09,2,64,12,60.0,1602,1782,1902,93.984375,33.984375,33.984375,4
sub-09,2,65,300,40.0,10518,13518,18018,50.0,10.0,10.0,1
sub-09,2,66,300,60.0,18922,23422,26422,87.96875,27.96875,27.96875,2
sub-09,2,67,300,60.0,19988,24488,27488,63.75,3.75,3.75,2
sub-09,2,68,12,20.0,1602,1662,1902,80.78125,60.78125,60.78125,3
sub-09,2,69,300,60.0,1960,6460,9460,50.0,-10.0,10.0,1
sub-09,2,70,300,60.0,13458,17958,20958,50.0,-10.0,10.0,1
sub-09,2,71,300,40.0,19476,22476,26976,50.0,10.0,10.0,1
sub-09,2,72,60,20.0,15628,15928,17128,77.5,57.5,57.5,3
sub-09,2,73,60,60.0,26923,27823,28423,74.609375,14.609375,14.609375,2
sub-09,2,74,300,80.0,18922,24922,26422,80.15625,0.15625,0.15625,2
sub-09,2,75,60,60.0,3650,4550,5150,76.640625,16.640625,16.640625,3
sub-09,2,76,12,20.0,3739,3799,4039,36.015625,16.015625,16.015625,3
sub-09,2,77,300,40.0,22736,25736,30236,43.75,3.75,3.75,2
sub-09,2,78,60,80.0,26923,28123,28423,63.359375,-16.640625,16.640625,2
sub-09,2,79,12,80.0,12500,12740,12800,76.171875,-3.828125,3.828125,2
sub-09,2,80,300,60.0,10273,14773,17773,38.671875,-21.328125,21.328125,3
sub-09,2,81,12,40.0,29300,29420,29600,92.421875,52.421875,52.421875,4
sub-09,2,82,12,40.0,14329,14449,14629,80.703125,40.703125,40.703125,3
sub-09,2,83,12,40.0,21800,21920,22100,87.1875,47.1875,47.1875,4
sub-09,2,84,60,60.0,1414,2314,2914,43.125,-16.875,16.875,3
sub-09,2,85,12,20.0,26328,26388,26628,77.265625,57.265625,57.265625,4
sub-09,2,86,60,80.0,10035,11235,11535,42.578125,-37.421875,37.421875,2
sub-09,2,87,300,80.0,22736,28736,30236,44.53125,-35.46875,35.46875,1
sub-09,2,88,300,60.0,10518,15018,18018,50.0,-10.0,10.0,1
sub-09,2,89,12,80.0,3739,3979,4039,72.5,-7.5,7.5,4
sub-09,2,90,60,40.0,4556,5156,6056,50.0,10.0,10.0,3
sub-09,2,91,60,60.0,13942,14842,15442,17.109375,-42.890625,42.890625,3
sub-09,2,92,300,20.0,22736,24236,30236,41.40625,21.40625,21.40625,2
sub-09,2,93,12,60.0,3739,3919,4039,73.4375,13.4375,13.4375,3
sub-09,2,94,300,80.0,14351,20351,21851,62.109375,-17.890625,17.890625,3
sub-09,2,95,12,20.0,25018,25078,25318,7.1875,-12.8125,12.8125,4
sub-09,2,96,60,80.0,19722,20922,21222,88.75,8.75,8.75,4
sub-09,2,97,12,80.0,25018,25258,25318,86.484375,6.484375,6.484375,4
sub-09,2,98,12,40.0,4600,4720,4900,25.859375,-14.140625,14.140625,4
sub-09,2,99,60,40.0,12596,13196,14096,50.0,10.0,10.0,1
sub-09,2,100,60,60.0,11369,12269,12869,63.203125,3.203125,3.203125,2
sub-09,2,101,60,40.0,1414,2014,2914,64.765625,24.765625,24.765625,2
sub-09,2,102,300,60.0,22736,27236,30236,67.34375,7.34375,7.34375,1
sub-09,2,103,60,40.0,11369,11969,12869,31.09375,-8.90625,8.90625,2
sub-09,2,104,12,40.0,12500,12620,12800,72.734375,32.734375,32.734375,3
sub-09,2,105,12,40.0,26328,26448,26628,89.21875,49.21875,49.21875,4
sub-09,2,106,60,20.0,12596,12896,14096,14.609375,-5.390625,5.390625,4
sub-09,2,107,300,60.0,16072,20572,23572,50.0,-10.0,10.0,1
sub-09,2,108,12,80.0,4600,4840,4900,88.125,8.125,8.125,4
sub-09,2,109,60,80.0,3650,4850,5150,84.140625,4.140625,4.140625,4
sub-09,2,110,12,80.0,29300,29540,29600,89.140625,9.140625,9.140625,4
sub-09,2,111,60,60.0,28296,29196,29796,66.875,6.875,6.875,2
sub-09,2,112,12,20.0,21800,21860,22100,90.390625,70.390625,70.390625,4
sub-09,2,113,300,80.0,16327,22327,23827,81.71875,1.71875,1.71875,3
sub-09,2,114,300,80.0,9381,15381,16881,50.0,-30.0,30.0,1
sub-09,2,115,300,80.0,2522,8522,10022,77.1875,-2.8125,2.8125,4
sub-09,2,116,300,80.0,11085,17085,18585,50.0,-30.0,30.0,1
sub-09,2,117,12,60.0,15586,15766,15886,50.0,-10.0,10.0,3
sub-09,2,118,300,40.0,14351,17351,21851,38.4375,-1.5625,1.5625,2
sub-09,2,119,300,60.0,13557,18057,21057,50.0,-10.0,10.0,1
sub-09,2,120,300,20.0,16327,17827,23827,59.609375,39.609375,39.609375,1
sub-09,3,121,300,60.0,20069,24569,27569,41.015625,-18.984375,18.984375,2
sub-09,3,122,300,20.0,13458,14958,20958,26.40625,6.40625,6.40625,3
sub-09,3,123,60,20.0,11369,11669,12869,10.625,-9.375,9.375,4
sub-09,3,124,12,20.0,21273,21333,21573,0.0,-20.0,20.0,4
sub-09,3,125,12,80.0,23924,24164,24224,82.34375,2.34375,2.34375,4
sub-09,3,126,300,20.0,14066,15566,21566,32.34375,12.34375,12.34375,3
sub-09,3,127,60,20.0,13942,14242,15442,15.46875,-4.53125,4.53125,4
sub-09,3,128,12,80.0,26328,26568,26628,93.203125,13.203125,13.203125,4
sub-09,3,129,60,60.0,16451,17351,17951,50.0,-10.0,10.0,1
sub-09,3,130,12,40.0,21273,21393,21573,32.03125,-7.96875,7.96875,3
sub-09,3,131,60,60.0,13176,14076,14676,78.046875,18.046875,18.046875,3
sub-09,3,132,12,20.0,14329,14389,14629,50.0,30.0,30.0,3
sub-09,3,133,12,80.0,11565,11805,11865,64.140625,-15.859375,15.859375,3
sub-09,3,134,60,20.0,14390,14690,15890,23.984375,3.984375,3.984375,3
sub-09,3,135,12,80.0,15162,15402,15462,75.15625,-4.84375,4.84375,2
sub-09,3,136,12,40.0,17959,18079,18259,50.0,10.0,10.0,1
sub-09,3,137,60,40.0,17621,18221,19121,50.0,10.0,10.0,1
sub-09,3,138,12,80.0,27281,27521,27581,77.5,-2.5,2.5,3
sub-09,3,139,12,20.0,17959,18019,18259,20.078125,0.078125,0.078125,3
sub-09,3,140,300,40.0,12645,15645,20145,34.375,-5.625,5.625,2
sub-09,3,141,60,20.0,16451,16751,17951,15.15625,-4.84375,4.84375,3
sub-09,3,142,300,80.0,13458,19458,20958,50.0,-30.0,30.0,1
sub-09,3,143,300,40.0,9381,12381,16881,50.0,10.0,10.0,1
sub-09,3,144,300,20.0,16072,17572,23572,61.640625,41.640625,41.640625,2
sub-09,3,145,12,60.0,17959,18139,18259,81.25,21.25,21.25,3
sub-09,3,146,12,40.0,1602,1722,1902,56.015625,16.015625,16.015625,3
sub-09,3,147,60,40.0,19722,20322,21222,71.40625,31.40625,31.40625,3
sub-09,3,148,300,40.0,1960,4960,9460,50.0,10.0,10.0,1
sub-09,3,149,60,40.0,26923,27523,28423,67.96875,27.96875,27.96875,3
sub-09,3,150,12,60.0,14329,14509,14629,87.96875,27.96875,27.96875,3
sub-09,3,151,300,40.0,16072,19072,23572,50.0,10.0,10.0,1
sub-09,3,152,60,20.0,4556,4856,6056,35.9375,15.9375,15.9375,3
sub-09,3,153,300,40.0,21224,24224,28724,41.953125,1.953125,1.953125,2
sub-09,3,154,12,60.0,12500,12680,12800,42.8125,-17.1875,17.1875,2
sub-09,3,155,12,60.0,16152,16332,16452,18.4375,-41.5625,41.5625,3
sub-09,3,156,12,60.0,25018,25198,25318,84.765625,24.765625,24.765625,4
sub-09,3,157,12,20.0,2486,2546,2786,30.0,10.0,10.0,3
sub-09,3,158,60,60.0,12596,13496,14096,50.0,-10.0,10.0,1
sub-09,3,159,300,60.0,11085,15585,18585,50.0,-10.0,10.0,1
sub-09,3,160,60,40.0,22148,22748,23648,50.0,10.0,10.0,1
sub-09,3,161,300,80.0,19988,25988,27488,50.0,-30.0,30.0,1
sub-09,3,162,60,40.0,13176,13776,14676,27.5,-12.5,12.5,3
sub-09,3,163,300,20.0,12645,14145,20145,35.3125,15.3125,15.3125,3
sub-09,3,164,60,80.0,1414,2614,2914,69.375,-10.625,10.625,4
sub-09,3,165,300,80.0,16072,22072,23572,50.0,-30.0,30.0,1
sub-09,3,166,300,80.0,12645,18645,20145,62.578125,-17.421875,17.421875,2
sub-09,3,167,12,20.0,11565,11625,11865,59.21875,39.21875,39.21875,2
sub-09,3,168,60,20.0,17621,17921,19121,33.59375,13.59375,13.59375,3
sub-09,3,169,60,80.0,25202,26402,26702,79.453125,-0.546875,0.546875,3
sub-09,3,170,60,80.0,21153,22353,22653,50.0,-30.0,30.0,1
sub-09,3,171,60,60.0,25895,26795,27395,50.0,-10.0,10.0,1
sub-09,3,172,12,40.0,2486,2606,2786,31.5625,-8.4375,8.4375,3
sub-09,3,173,60,80.0,13942,15142,15442,90.390625,10.390625,10.390625,4
sub-09,3,174,300,20.0,9381,10881,16881,60.15625,40.15625,40.15625,2
sub-09,3,175,12,80.0,13450,13690,13750,100.0,20.0,20.0,4
sub-09,3,176,12,40.0,16152,16272,16452,13.515625,-26.484375,26.484375,4
sub-09,3,177,12,40.0,3739,3859,4039,41.875,1.875,1.875,3
sub-09,3,178,60,60.0,4556,5456,6056,61.71875,1.71875,1.71875,3
sub-09,3,179,60,40.0,14390,14990,15890,50.0,10.0,10.0,1
sub-09,3,180,12,80.0,2486,2726,2786,82.5,2.5,2.5,3
sub-09,4,181,60,60.0,25202,26102,26702,61.25,1.25,1.25,2
sub-09,4,182,12,60.0,23924,24104,24224,74.453125,14.453125,14.453125,2
sub-09,4,183,60,80.0,17621,18821,19121,74.84375,-5.15625,5.15625,3
sub-09,4,184,60,40.0,10035,10635,11535,37.734375,-2.265625,2.265625,2
sub-09,4,185,60,40.0,3650,4250,5150,18.59375,-21.40625,21.40625,4
sub-09,4,186,300,40.0,11085,14085,18585,50.0,10.0,10.0,1
sub-09,4,187,300,20.0,2522,4022,10022,69.53125,49.53125,49.53125,3
sub-09,4,188,60,60.0,14390,15290,15890,50.0,-10.0,10.0,1
sub-09,4,189,300,60.0,21224,25724,28724,35.15625,-24.84375,24.84375,2
sub-09,4,190,60,20.0,13176,13476,14676,7.5,-12.5,12.5,4
sub-09,4,191,12,40.0,27281,27401,27581,50.0,10.0,10.0,1
sub-09,4,192,300,20.0,19988,21488,27488,50.0,30.0,30.0,1
sub-09,4,193,12,20.0,23924,23984,24224,15.9375,-4.0625,4.0625,3
sub-09,4,194,300,20.0,18200,19700,25700,63.59375,43.59375,43.59375,2
sub-09,4,195,60,80.0,22148,23348,23648,50.0,-30.0,30.0,1
sub-09,4,196,12,80.0,15586,15826,15886,52.1875,-27.8125,27.8125,3
sub-09,4,197,300,40.0,18922,21922,26422,64.375,24.375,24.375,2
sub-09,4,198,60,60.0,22148,23048,23648,40.078125,-19.921875,19.921875,2
sub-09,4,199,12,80.0,17959,18199,18259,50.0,-30.0,30.0,1
sub-09,4,200,60,40.0,13942,14542,15442,32.265625,-7.734375,7.734375,2
sub-09,4,201,300,20.0,20069,21569,27569,50.0,30.0,30.0,1
sub-09,4,202,60,20.0,3650,3950,5150,36.25,16.25,16.25,2
sub-09,4,203,300,40.0,14066,17066,21566,50.0,10.0,10.0,1
sub-09,4,204,12,60.0,29300,29480,29600,85.703125,25.703125,25.703125,3
sub-09,4,205,12,60.0,27281,27461,27581,75.234375,15.234375,15.234375,3
sub-09,4,206,12,60.0,21273,21453,21573,49.609375,-10.390625,10.390625,3
sub-09,4,207,12,40.0,13450,13570,13750,50.0,10.0,10.0,3
sub-09,4,208,300,60.0,14351,18851,21851,63.125,3.125,3.125,2
sub-09,4,209,300,80.0,19476,25476,26976,59.921875,-20.078125,20.078125,2
sub-09,4,210,300,40.0,13458,16458,20958,50.0,10.0,10.0,1
sub-09,4,211,12,40.0,25820,25940,26120,40.0,0.0,0.0,3
sub-09,4,212,300,60.0,18200,22700,25700,50.0,-10.0,10.0,1
sub-09,4,213,12,60.0,15162,15342,15462,67.421875,7.421875,7.421875,3
sub-09,4,214,60,40.0,16451,17051,17951,50.0,10.0,10.0,1
sub-09,4,215,300,80.0,14066,20066,21566,63.90625,-16.09375,16.09375,2
sub-09,4,216,300,60.0,19476,23976,26976,50.0,-10.0,10.0,1
sub-09,4,217,60,20.0,19722,20022,21222,8.125,-11.875,11.875,3
sub-09,4,218,60,40.0,25202,25802,26702,9.21875,-30.78125,30.78125,4
sub-09,4,219,60,20.0,25895,26195,27395,50.0,30.0,30.0,1
sub-09,4,220,12,80.0,21273,21513,21573,66.328125,-13.671875,13.671875,4
sub-09,4,221,300,20.0,19476,20976,26976,50.0,30.0,30.0,1
sub-09,4,222,60,40.0,25895,26495,27395,50.0,10.0,10.0,1
sub-09,4,223,12,40.0,25018,25138,25318,92.265625,52.265625,52.265625,4
sub-09,4,224,300,80.0,20069,26069,27569,27.734375,-52.265625,52.265625,2
sub-09,4,225,12,60.0,11565,11745,11865,81.328125,21.328125,21.328125,3
sub-09,4,226,60,20.0,22148,22448,23648,31.953125,11.953125,11.953125,2
sub-09,4,227,60,20.0,10035,10335,11535,32.8125,12.8125,12.8125,2
sub-09,4,228,300,60.0,2522,7022,10022,50.0,-10.0,10.0,1
sub-09,4,229,12,40.0,15586,15706,15886,50.0,10.0,10.0,4
sub-09,4,230,12,80.0,1602,1842,1902,61.40625,-18.59375,18.59375,3
sub-09,4,231,12,40.0,23924,24044,24224,25.078125,-14.921875,14.921875,3
sub-09,4,232,300,40.0,2522,5522,10022,50.0,10.0,10.0,1
sub-09,4,233,60,60.0,15628,16528,17128,38.4375,-21.5625,21.5625,2
sub-09,4,234,60,80.0,12596,13796,14096,50.0,-30.0,30.0,1
sub-09,4,235,60,20.0,26923,27223,28423,31.328125,11.328125,11.328125,4
sub-09,4,236,12,60.0,26328,26508,26628,90.625,30.625,30.625,4
sub-09,4,237,300,40.0,19988,22988,27488,50.0,10.0,10.0,1
sub-09,4,238,12,20.0,29300,29360,29600,78.984375,58.984375,58.984375,3
sub-09,4,239,60,80.0,14390,15590,15890,82.96875,2.96875,2.96875,4
sub-09,4,240,60,60.0,19722,20622,21222,83.203125,23.203125,23.203125,4
